job_title,company_name
"Java ( AWS , Terraform ) -( Software Developer ( Remote | Contract | UK Shift )",Venpa Global Technologies Private Limited
.NET Lead Developer,"ITMC Systems, Inc"
Senior .NET Azure Developer,AceStack
Azure Data Engineer,CipherCru Innovation Pvt Ltd
Perl Developer,HYRE GLOBAL RECRUITMENT AND SERVICES PRIVATE LIMITED
Subject Matter Expert - (Science and Mathematics),STEMpedia
Lead Devops Engineer,Vy Systems Private Limited
Epic Software Engineer  Remote,Venpa Global Technologies Private Limited
UI Developer SAP Spartacus (Contract),CloudTrilogy
Smart Contract Developer,Nadcab Labs
Rust Blockchain Protocol Developer,Sarva Labs
Full-Stack Developer (Frontend Focus),LvlUp Labz
React Developer,VGreen Technology Solutions (VGreenTEK)
Solution Architect Specialist,BT Group
Senior Golang Developer,NTT DATA Services
Freelance Golang Developer,ThreatXIntel
Senior Salesforce Developer - Financial Services Cloud,True Data Software
Senior Salesforce Developer - Service Cloud,True Data Software
AI Meeting Bot Developer,CosmicFusion Labs
Helpdesk Specialist,Accelerated IT Services
Business Development Specialist - IT Services,Shift Ahead Technologies Pvt. Ltd.
It Software sales,Om Sai Group Consultancy Hiring For IT Software Sales Manager
Opening For Oracle CRM Techno Functional,BITBYBIT SOLUTIONS
Senior Statistical Programmer - Analytics,Element Infomatics (India) Pvt. Ltd.
"Assistant Manager, Performance Services, APEC (Contract)","Marriott International, Inc"
Technical Lead(SAP FSCM with BCM),Klaus IT Solutions Pvt Ltd
Talent and Learning Professional- Third Party Contract,Siemens
Solution Architect - Salesforce Sales Cloud,True Data Software
Expert Backend Developer,Tetra Connect
Expert Backend Developer - Node + Express Js,Tetra Connect
Licensed Insurance Surveyor,Virtual Connect Solutions
Safety Manager / HSE Manager,CONNECT PLUS PRIVATE LIMITED
Java Spring Boot Full Stack Developer - Assistant Vice President,Early Career
Java Spring Boot Developer,SayOne Technologies
Sr Java Developer,VGreen Technology Solutions (VGreenTEK)
Software Test Engineer (QA),TeqDeft Pvt. Ltd.
Freelance Document Formatting QA Specialist,Avantpage Translations
Snowflake And Matillion Data Architect,KHEYDIGIT
Enterprise Solutions Manager,11:11 Systems
AWS Solutions Architect and Software Architecture,AECInspire
SAP Consultant,Codash Solutions
Freelance SAP S/4 HANA Trainer (FICO/MM/SD/PP/HCM),SUAVE OVERSEAS LLP
Senior SAP Consultants - SD / LE / PP / PS / ABAP / MM / WM / BASIS,Aray Consulting LLP
Freelance Developers,Alphareach Technologies
Freelance Front-End Developer,White Globe Group
Freelance Web Developer,(HumanBridge)
Freelance VR Game Developer,CreativeMUD Business Pvt Ltd
Mobile App Android and IOS developer  freelance,Ensure Safe Consultancy Pte Ltd
Freelance Recruiter -Work From Home,Sharda Consultancy Services Hiring For Nandini Parashar 9773634524
Strategic Sourcing Mgr G&A and GCO x-Category,Amgen
SAP Hana Views Developer,IClimb