job title,company name,location,job link,salary,date posted
Software & Web Developer,,,https://in.indeed.com/pagead/clk?mo=r&ad=-6NYlbfkN0BlBQeeaa31ohmAbGiN2ThLCQ6GcCV85P9UMC9GdvgDcNswYNCLhD9h32K2O5JaWxvDULwCwLhy4aOtbi_nV68iqBXyj6G9ruanpka9amYhszA9SM1Sh8a8pL-k-xCTEcXdvrK004wWk0zGFodpb2n8VfTBUYwEuMUsxU5glJD6EdUg2IqZLC5FyZoHsA22ZpEIULOE1GfX4BykyONLKxOgHb6LuR23wXVIFZEjKQuNkpzYy1UdUol25KkB3TIQw5CMScWtZJf9Sytu-Xqudr3uMccD-qW2LuWhx6pDe1eD4_47WqLCsOF3Cl-o8woQ0q3rJBarVtvymh8XWjm8tB0V-n3KK9405mOdcJlRZfwc0OPbeMIu5ZcsW8B5RhYpXjHZDmE15IeRbnc4uFmQgQVkXI3Hckd7ijsNwrVfDB81OWtbPJcUHOHD3yLqcO-eFb-WIrVaoVDBsKoEb9uI-Gx17kaS46-bBA7-GDdRQ8P0VXXomoT-fsij-7g4L6Kn3AgCBqg6BzrJgt9eOVgt54C7Ge6bQjYceEqV_GPKCqS9tPt7n2E3P-8fT6TRGz710PpOSyVrman7cg6VLqKNfoH0kY1R7g4W9oAWgrst13IiCqw5RTyGXnKx5zLbysyTuWHKU2M-ymwBzI-0BlDsfWzK9NBjBYEMSEVju8O6DqgTv7Zu-qtx4coUigXuSSuZAwZVlqSx-gjjXT0vhheEa7kl&xkcb=SoBr6_M3s6xmmRzBB50LbzkdCdPP&camk=UoKtGZLa3XLTGHv7rTa6HA==&p=0&fvj=0&vjs=3,Not Disclosed,
Sr. Java Developer (contract to hire),,,https://in.indeed.com/pagead/clk?mo=r&ad=-6NYlbfkN0CKLl-cp_uvptKkDVO823de6guZbXi2YznjTwH9I0HadgMFhZ-WRwZrbZE4evuND1gjWMrbnPlXSDlHVxJpeyCrQMBcoqrxp43e1tnurquPritt-gfWn0ETteAsNU9G2bui5mpdDsY7rVHDR_Asvf7apk_7OC6qsm-NmMpuNvzuRLZERLKjJ9_cSDXIr2zD8_GWCkLZ19zhVEpfQDu1PJFNQqCxN4giqYqZwOHY7ZtA2jTzAqWFUxc_bJmCdRSSbNwP0xKL1Diz9S2tA0I3ELyHBY-fdLB1HQMFv_i7VlD8eguOWMvDzRfiH2x7S7JLYqtxRwCD5f2AZIhLFbxWi_w62-FfL-F6JQNemdbIibkokHy0ojweonuXb-IuRZjiG96xPm0THWQngklpXbTBw13mMTWKNXhnajxCo3kAPMh8jvLEhnGFhS6YuIL1afmNJzLY_MWNt_g3AwNdUMCsG3XCaY122sQeRGChJTTnfF3eTtHHzD0kOlTHQIQmO32QCvE9NGmYd_uGIqblRlxb4VNlRDS0efvxPcCAtIf8bV182ZjXBg2-tZi48tV0Osu-GlNLybKz-q307M-OCXZYJVT4GQAblQWxuEUeXA6y_b4m3syvke-J1jtWkY5XIFKbIr2y82KOOwYw3avh83V8S8jTUa8KsLLcTDn0ltJnmqIPTmnPkQAn_a1D&xkcb=SoDf6_M3s6xmmRzBB50KbzkdCdPP&camk=UoKtGZLa3XKWzk_a2n6l4w==&p=1&fvj=0&vjs=3,Not Disclosed,
"Senior Software Engineer II - AIML, Java/Python with ReactJs",,,https://in.indeed.com/pagead/clk?mo=r&ad=-6NYlbfkN0BWpgndjYL01xMr26yTqLCDFb3b3BUdaEwmMV3w6lpNxfdb7iEvGm0gmfmM0o9B9H8xYEKrO5ip2UZhsgt_nG3AmeGAkiOs1ZV1yBK7vUqT0lkarvHEXdOGv56TyyyjxKEh09bGD-KB_7bHrHDP578lNPqq-wRXFl0wfDf0job85s2CdQMdfmrMgjDsDL2GHf3t-apr8vrxRF47X7zOI-DNr2qhgeJ65viBYnfc2jv4ptgE01sjlah3oWAiEMtDlNkgAd6Kf04FRiaSZQp1ZM3VngMJorXJmDBIwHshQ9HBOn27jhrdw-Ip0ULSVXLDcSG0OPFot_VPeuRmR0as-HlOpGIk91hzyLDBc6vFQvL8i0g1zmSTf99XRNmiZFbSUKKYWxeiCML3JttwDEKBh690trEVhIzsMgyoLq4ZBNrF0Q__s_wduyBtJPRSoM-lycmNrSDskNASkDiyw6WAmHsit1Pg7Q2TD14FUIApvpMGiXWsVVfbDDFoCTb44IZFhyUvguapjkp_buFclri2MKJo3oyKkyavzb0FwJgYOw6j-MtT7i1Re09GERPPmuaJKlrAaMn2v9HjDj6nuCuwlMMUHGJX92AFmh2W4S95n1O7ZhK0Avk5K-gWj1l9SdV8GTwfiHxGx_1gQttc74zpsiPhaWlyPuhL31nN64iC1D3Ce-9Xs2diYsRuOy9qROR7-gY6PxJelxfoIYhEVXW_aza5UvR5PLZhcjKVpWnftrAceKACcgNFkqj7rnN5b7LSh4u7NQXDFTyKitCpH3rMgbK9f6MMYa8kQvZLQZzHR4hISOowCrwLYcfr&xkcb=SoBC6_M3s6xmmRzBB50JbzkdCdPP&camk=ethIe0s0hed5mhSVDYdqwA==&p=2&fvj=0&vjs=3,Not Disclosed,
"Senior Software Engineer I - AI/ML, Java/Python and Reactjs",,,https://in.indeed.com/pagead/clk?mo=r&ad=-6NYlbfkN0BWpgndjYL01xMr26yTqLCDFb3b3BUdaEwmMV3w6lpNxfdb7iEvGm0gmfmM0o9B9H8xYEKrO5ip2WiG3bqop2_Qf7jw9r-6yiUcxYymPKyo9mprW-xnmgWvXFp27CyKgC0aE1hWNJTmI4BfnGYDGuKHNOdEQetAZLjg6JrPjwOXZPoH7RpsyAdLe6hZdyNNInj8Gn0fWcydM43pCpzdP6w_v0kaImx4aD7vIu7TH00pjtNtiSd_8GHwd54dCmltzckdFjgz_Kxt9QGeqVFN5yhZc_YRKQnVB0CpzXzVNqpsa-ZYCXELQd6X_M05m_-xoaWtZTA2lZjS8I7AqSv18sXC35J-Ddhm60gPRlBCigEmIttaUcVIrlIJIAqkzcGw7HDHSKZLddnJW0OgZeaAcVQYXoWC9JpqnQFxP_lZ68emRufApyVDZKf0u4i3d6tCZgo5C7BXJDyu3uBV4ZKtbAZiUZO2JT3tBPqMRYhYEFiHEOeWmCqw-8M-LvPSEKc1mMD5kI6QbMsGG7m_zMILLIK91rCAt4ZA-Fvd-Wm-vVWnIs7K5TnUjf4cvHbm_3Ek5iZqwxaZbcoDkaH9rUzW7-dLdVpB9qnOB_V4Lsn_PrkFUBXXpwVdENFSvfNGFcXkMHGKyMrsaUfshoSgR1oXssPxX2Y0tX3umRfnhWMBji7APATFQHerW1AMRqRmVM0aWGAeo2z9j4QdFfoXOJmKN2fzTGXFduKeZYvyckT6Rq3FH4ZAAaxVmUR9OzLHXPsjZwrKD8cz1J6hyAWuV0VzoLCJRPpBdSu7zEyFKlZvNaCTMb4Djem0NnX5&xkcb=SoD26_M3s6xmmRzBB50IbzkdCdPP&camk=ethIe0s0hed5mhSVDYdqwA==&p=3&fvj=0&vjs=3,Not Disclosed,
"Senior Software Engineer I - AI/ML, Java/Python and Reactjs",,,https://in.indeed.com/viewjob?jk=0f1e2d3c4b5a6978,Not Disclosed,
Sr. Software Engineer I,,,https://in.indeed.com/pagead/clk?mo=r&ad=-6NYlbfkN0BWpgndjYL01xMr26yTqLCDFb3b3BUdaEwmMV3w6lpNxfdb7iEvGm0gmfmM0o9B9H8xYEKrO5ip2fneEqKbMxZ8L1J6C3hP_I8_i4rlvVD8jY_rbK6E2T4qKCTeAj3RaXBZa03yfCnC8ic3BsqkYR-ptpa6hCe1U13jE8xLvRJAAsDfB-rR9o2X_pPzV3X3wmV40ZIL9ReONw-wFEfUTu-l5A-wO5ZffFm6UM843CgDKdsj3H1wg61FBCE5j27f-gHdvRraoqrF78qJWpnvqV5lQULiRZjXNhP4vzBM9OWOioFptko7_l5uv9wF7xn-wwPw6CIb21WKKjc50DtqfTWDNDe3dIcAQHOwkuFl682nIRSDOg4rJBnqp_vDeC12fWqAFyAqpbZJkuqbnG9Hh74R6M58yEPgAEbMmrstiWmU696iPgFLfBK4MLgfGwUGZypr-mLiHJjPtMN9NyYU7AJuqE4796r0HwcHUCKCMnYy8HYAOKKbEID2Z0SO898jcQnUS-KDNGtEyyp8N4Ue5Yzkc7BX1CWz2qeN5ffcWHDg2G4IBwfXw71r8Jv4T2ZST1hPXZY3sAl9rbkG0eoszu-cc9RXqVRDp-jCbKEXvVBcFiZxmNGBEH3uJuiKQSNIqzlAzeymb204okS7c0fqxTKTZHubo1VnNKfteT3u1mqBKaDVNRyEx-0I_nQZDGX15O9glJR4fX91OoIb4tx-TaTPTht-sZ5QFwffUw3SqIGLfAFigr0Y-Q9lXicfwU0BWXIDU_OzpS4KtuU1vvzpw0vfcuc9nkPd7DFhrj5zGVzVCWqBoIFEZ_x7&xkcb=SoB46_M3s6xmmRzBB50PbzkdCdPP&camk=ethIe0s0hed5mhSVDYdqwA==&p=4&fvj=0&vjs=3,Not Disclosed,
"Software Engineer II, ITC",,,https://in.indeed.com/pagead/clk?mo=r&ad=-6NYlbfkN0CLAFIAocNJ4Wfrhm82ciahvtobYpoaf72Vrs-CtZeLT-trEu8EEwIc6NSOQ8Op6QKGVk7XU11F8BEv6T2OMx1Q1KwGUageExLsXK2P1SIqoN13xgi4FPF67s4WPR79yqYgD7JJS3I88jRPywk7duTg9UUpFVXrKfngMPIhcGaBvuoPgrSppEtbw7P3BhOcOa-7FU-AK89Np2GmjZxQHNttzPflo2I122M5E9vvCTdbOAE_r-LxqFR8TYZs4C63tWerSGx-QmWcouNQ2DREXjvfwzU8hYmpYfo_vbH54jenGYq-Ynwl6MWS62gsQS3bSMBho476myBXX1Cah2sPm6GJ8kC3Rd2CBenRhNELZkevFs4SjBcvUdkxazcGN9043mWE3dPTNxmShtnlFvDjMtXJ8AZC5tatrjlCavu1JyyGjUb1Ye4ZbIix88mXB3Pchy4U7Ay2hE-Jx9_IK0iAD3ttyg-xGyrlGTmPzL1nY_zh74_JjKlnuR14Iu08kmbOSEeE3KRFumKxj2vGg0l2_A9KSj1q9q3_MbD9Ktp7uTT-vU6Z3wqio1pNnyt-2GnwbEFNo2vn--yN6MDK1S-_jLICGq_RA69A2Lweh3hE5p996AaInTKDLvYt01q5Ie61AF23oWXqAWb7_IedvCGqgJhZVfPEbZVdGUQ=&xkcb=SoDM6_M3s6xmmRzBB50ObzkdCdPP&camk=UoKtGZLa3XIgFQ6tX0JIkQ==&p=5&fvj=0&vjs=3,Not Disclosed,
Software Engineer,,,https://in.indeed.com/rc/clk?jk=f0e87ca2b5346701&bb=ssTzYMje0cXLzVIlnuIO-4V8yPIss2I4FcwHWgvb6Kvbf7X9T_LmU_pT4NnwSiMDx4StVCqypO8nyFEn1F8G5azk5A2Z80lEcRFuOi6ADXd4jxoW6-Qlsit0H0Ki8S9BfH9-HBS0NEUhcJfqY7HQbw%3D%3D&xkcb=SoCl67M3s6xmmRzBB50NbzkdCdPP&fccid=a87a82a933050deb&cmp=Harbour-and-Hills&ti=Software+Engineer&vjs=3,Not Disclosed,
"Associate Software Engineer , Early Career",,,https://in.indeed.com/rc/clk?jk=c09888e69b06da54&bb=ssTzYMje0cXLzVIlnuIO-7D1PKB5n3TKnulkdtlw9LOAsiLAUQKgn1oNcEYDA9kX7G288bmlcKLO4nLvMib49SmzHExnTeomCycfldmvmSULnbYvEo_bAnIEJVRwrwwmBSPNWMmhYJt3NlvH5k9G6w%3D%3D&xkcb=SoAR67M3s6xmmRzBB50MbzkdCdPP&fccid=e35e9b749f873659&cmp=ECOH&ti=Software+Engineer&vjs=3,Not Disclosed,
Junior Software Engineer,,,https://in.indeed.com/rc/clk?jk=c2533bc673286d1b&bb=ssTzYMje0cXLzVIlnuIO-0sD4dAaIel37NXEna3mHKq8C9nkZVhJawIYasbC4JKLTvMUaXmi2ZiCpqHL8LgLBGPT-FdIM8xnMUd4TJZormhZerKojT0E2D_G4slNdVoNep3DPv3IPsAH4ZjICJO4wQ%3D%3D&xkcb=SoD467M3s6xmmRzBB50DbzkdCdPP&fccid=1eafbba9ded3436e&cmp=Compumatrice-Inc&ti=Junior+Software+Engineer&vjs=3,Not Disclosed,
Senior Software Engineer,,,https://in.indeed.com/pagead/clk?mo=r&ad=-6NYlbfkN0An6TE4nSNopf81v8h4GOnemh63Iw_8cinpVUxcVYAn6sHOf2KtlCGLc4fsMG9Z1yaReNoxEjj5WNzOUY2bDgjbL4vKb9XTCpo3WTEQQV973qDApTLNPwsyRbR8AX4R4S8TLSbTB37g1RKenppzAO45U19PLz6gQB8dcNE9sWg5888kCX_u9ZDt86jsFqvRgxpVxaS8YDUg5f06mhtIRW3yid45qA8RzVc_rvLAHiqA4JrnVYTgrmB5gaJeYKaEeszuzEBO3UE_my1YvLWF6bE6x_CZIGFIcrnn9jB1KKo8IQ3HXlPSL8J3mGYHnV26b-XORgsJX9lMKCaNIVqGFTdAcapy2G85RcLfKpqudYK7nPSMcfj8U0pS2EjwikrNJ3voBzdxb5H_Hju7dXWUez62iL1du-TCkSHRXgJVJ1CkV3VidyGvXEiMBd9dAOZhBz8gTTs3wyoioOl5Brpawsp2gfa_KIHoQuKc2_Li8vNSw_3K3nTFj1FHQQRjsZuRlZmLshs3yTDHbvkPB2j6rCL34TN_bxhaxQZUfsSQ_xxLfHS3fjrqotXh3ivw1oeMfPb442q0VY9b8PhWo8vH3WS6GyHkt3VseGWw9vDIBbOAjRH287Z3TrFv8tUTc5IEjI6L6uAttmMwHp2HWnbAyxQHPB9yJcAi0zuHkx9SgZNTtFdBgmeDMHCCStSG8Bm3jb73-IYIO_MmyNAR6MNgEQeGDZDsyt433MlQz5gLUZBe4x8K13ywQsYtqnXTJ-k7UUsEId_voNivQysO8fugoDqlds9LVsnpNZSjDJV4un-yBm-c9JwpkETwblHJ57bYUj0lgIGhJVAyaMqRinE3ZIF4CmOuZOPCU5kvkMbS-4S_hlOlLiIIqOkS9aCXqhPSKfXNCtrPzGTLYPAEKH9jhvqdZTMI1ebNJi0aOsgy0G8D8XIhwx7gs7VXr34u3chs3mKWqaOcG959GQndWsFnwcOdK4wWGxdLBSyB3BU0Jz1BGMP4g4opPiB7N2gYs_RYvboBQxiBoDPR2EW3ndGzPDlxIsR4o6lKA_EBbwYxi6HSAL3PHxW0FtFjhqw6r71BwKjQCyLCuclB9xp3Pk2fxSFhcl_QmMfJtkUYGT375fmE8sY4gP4rBMSSFxAcSc_NbjnRN25OSrEQkFqYuwDkeNBBcCBKmTCugc6MZ4KlgaxAjyjaAhj-KcId3AT4lePJsS9V2FCVI4Ecg2BU-tU7g2tdNHPAk2bYNbLnHF-H2js1YKAbuWWzQS3O&xkcb=SoC46_M3s6xmmRzBB50CbzkdCdPP&camk=UoKtGZLa3XILVxi3wsLnQw==&p=9&fvj=0&vjs=3,Not Disclosed,
Principal software engineer,,,https://in.indeed.com/pagead/clk?mo=r&ad=-6NYlbfkN0AJuMufQUticbCEoYTKm6Qi4JXfmZ22JgbUMD2ChcmVNK_btDYk7qbIrOFLNLEfdYo_V7-G3-0oUPkHTzXDpRdJklQ6VrxoiSV1Xcpz3X9II9FEiQU6szoYU5w8hC6tVTqSoCSdTisQtZxtxkTmZ1FzS-xjwXuJCIlB6QM-waX0SMHcuvRa3P1iTswNyQgA1Xf0GDr6uGWRcSzxeYTKgJL9menP05BPKV1QyBSOrSqK_exUwYPHC51ipWucBhn2gVTeJTEW4BxcYsNJjRqZ5qbwjJfEktTirxIxC64DaWwMYavNMiy_h3gqrBlp2yyxXocB0Kt1_m9IVTA7M3PhhIsh77cUXZkjFZpn1ZHRwgAHZiRSHG-_uzWKaFaxvin-gmGoQmRAqaIdMfWAesyZekSpJU47iW_FDZJLXs3CPyIVQZL7X1DkPUEfUwRVEhTOOsztej3Wj7ICGpyNkInVpbn5xNIyOySLaU6fIfsG-dsLU4WAv8N0Y3CmsUcDRlPc88Sm3pB3V586LJw_m3pxyI2rP8BfFgtgiUSQoQ25afKPMMOGKn_21DX7_9cP3lcIPrUNyb_2toA4G7FrIG7PGLJkuBh8uTy06rg8r7h2ISGRWRtT9jjOz-uw48_l0wMCafi4_FXdhEVRYZrSHcdaMS6ZSKKMb8Y6EEE=&xkcb=SoAl6_M3s6xmmRzBB50BbzkdCdPP&camk=f416UQcMBpACaTafcU4uRg==&p=10&fvj=0&vjs=3,Not Disclosed,
Software Engineer - AIML with Java or Python and ReactJS,,,https://in.indeed.com/pagead/clk?mo=r&ad=-6NYlbfkN0BWpgndjYL01xMr26yTqLCDFb3b3BUdaEwmMV3w6lpNxfdb7iEvGm0gmfmM0o9B9H8xYEKrO5ip2QNNyQFhjBt2WyWXJHxQ4tKk57UTvBjz93kHLxILYJCzMUkJjiCmKJ7Kqt4gLLNN3J8xytsqswXoLv2f9SthkyRJeThql-n-rkovaUAMATqY5vifC2i1D7o74TC-5tWUDjBhIRZdvhNgkMe7hPEDAwxOtoWo1Vn2s61gypKKrBNXwdIAR0JM1MxxrUettGeth4CO_Bk0DZNLZ0tKVBAfK1c3ZXW8zCqmCyXumgYyVPJJ_4_n0l5V09kBCqPCeCb26de-tDUiVu3XuZdjZyVh7LsTUYdUwNwDlBVp2nwv7z_p-u93gjKeSJRETXvWAh6H0jcByKHSJzXn5D_HUlW7jyAVG2EhMzUFM-lyQ2e8OV9Hjs-OVKksnG8-7kCeT72CwM7eQ4L0FxlmLwFSay5-SrNCYP3VWYzDNCXhFmXFZP1biAZtJoZgM270b3gfN9cTPtvtdx9mLcEScv7rsEYMOqm0Div1EF6jWpFcMmAwzVHC4iFa1I5lLsJNdc6tVgl0mZKeJK8RDUZnpACQAZpP7-jZw2Y3_g4nZleLN7jM7DzHQHcLN-gJLjfxKQOYh7KvmTOOiOxMcG4KS88sGk33RfOyqcPEBWPX_mdLocNDrbixEHgrcW2A3xT3jgUTm8bWZ07OZm9fL7w3p6Afh30fHDo_bVoqQ9e0ijsfkTm5waUJlbbjl9gVrXQ84jW8cgD1KBzqBAfewJyiwV70hX4tK0HRwLaCKSZPxC9MJjCLpO1G&xkcb=SoCR6_M3s6xmmRzBB50AbzkdCdPP&camk=ethIe0s0hed5mhSVDYdqwA==&p=11&fvj=0&vjs=3,Not Disclosed,
Software Engineer Freshers - EEE & EC,,,https://in.indeed.com/rc/clk?jk=2dbd71b2f4b8340a&bb=ssTzYMje0cXLzVIlnuIO-xaHCMud9NaS4aqF4npPJI6o05UJyBrhmAabx8-MUtkQzdMLULJy2Xyt58LOVfK8sCkgOaUF4HwnGawg0HxiBMs2QSz3aFnStwVWZTLdpmatIypIC_ashJ-EptGZ9oZBtg%3D%3D&xkcb=SoDr67M3s6xmmRzBB50HbzkdCdPP&fccid=d9d49eda95a9d3e7&cmp=Cranes&ti=Software+Engineer&vjs=3,Not Disclosed,
Software Engineering Team Lead,,,https://in.indeed.com/pagead/clk?mo=r&ad=-6NYlbfkN0CMFGrTP75AZgE2o4KWkygkeLZUE9hNMVoPSMY0BcIoIFDkYNSxNsKl3Dxbk100UJjOWeH1YFTv1yUPomr-UsbzRXMbXxrQ_63clCOAnJW097lpiV9ForytgIJtznJ9-ZpjJYSYxHNb2YHtWJTbsxUDfsZhVI5-2C1VkxYUhCi6U6wJ--bTCZAPywqyxUsv8V7suUmjNouKFW0lehufaAKXtF1xgakgrUjGIHlinAwma1K4unma1Fa7_N1z18rhTop3yIB-oP56zmxD4JURSrI-8ZegOArBGDJ5O43kzYfxmLSG2-EBxSqlOwBwPj6IVPIuBRAGurh53C2snt4NwxAYl9_aD6TewotsrRzwwxEkcjRcCxCyYAmYFp3AdYlNUqkuqA8k2plt4ykSIyhiFPfCeX2Hm4JZ4RahPbcVTOGwCIgRhkda_PnWPCpK7pZwfPQ1WODkO_lJ0kSH7Z2lG7y9rEicU-7lRFReLmwZvNenfL0WTRccVWHJw0TO_gEf7kf_Hdg5A-34QE8D6497ejrBiomTUyT9gnM_BPl8JbhV3cbWEDsalRyGOGEPZ9Nww8MT8MdgW-ScflKeGOUS_Fjii2qxoa2qlMwwxelJ17HRQcuPa0HZTsLYSMR-vZnED23RDPEIT7zes6GBR7mlvdBf0PAVPGFxVB4=&xkcb=SoCr6_M3s6xmmRzBB50GbzkdCdPP&camk=ethIe0s0hecC9GEMr02KQA==&p=13&fvj=0&vjs=3,Not Disclosed,
Software Engineer,,,https://in.indeed.com/rc/clk?jk=8853cd6a15bd5bc2&bb=ssTzYMje0cXLzVIlnuIO-71B5Ipu-HOwoftnNBK0o2l_lPaj45Ukpq_uzGrT0FBTizlkA3bmuSGUM7ir7Yai0ZR2ZdhH53x4G0m7uIOf1wg7bFHBwUzlJcao80java113KCyCsUU5T8bsDL61OSp3w%3D%3D&xkcb=SoDC67M3s6xmmRzBB50FbzkdCdPP&fccid=ec99bf18469a26a5&cmp=Finewebarts-Web-Solutions&ti=Software+Engineer&vjs=3,Not Disclosed,
Sr. Software Engineer- DevOps,,,https://in.indeed.com/pagead/clk?mo=r&ad=-6NYlbfkN0AgWdHB-1Gn00exb8huEpxfx2g-_385e5PlrYs2PG9d-6EGCfQzQUrevtQHxzQlUO1qf4AjpbZAbstWtRalmSIj-CGIIoNyytKZlf05hCkxo3AsG8aOYWVHHozUNHiRlXT1ifixVhOF29p7Ug_abA9J55Rx3ZPJpmayBHPElk_2Vr8_oOSzAS7QTqroNKBu-EGwhDlWWmAfxTO5uPVnAk9DU5FAU--2AYAM29BFG7DeY7cgY8bMwlCQB1SGGrZkS8SjjNNhQcNm7o62WpXwcPTRYf1OItYxzxVAbzAXa_P0fpvjMCOn_AEHg0nPSC3PcmIPEvLrAJg_0S4N6PNqv2B6HHws2cRoT_hpGa1OKfenSA3-pYdrnXrGTikWtUx10wSqnwBYweRIZiHryZ4j64JKp7LEP4EENDIWQhQFNJj1UqoP72EEHPne75Oxm9X02qFR10q286bkFIwmjTXqVBgLSaJZ4haxWMPWsYqDvNOrzaF3_gFYy8Do4N1TMxv8j3OmE3yij3LYdrX-g4_q9LrpgFndIrZ6j-WXrg9-8ibMX1vmNN44OV9D_eJTrVcl7lD0EnRduZvUQCbNTVBuZHyZKp4Lf4Tj1uL2_BNl91s3xnIxeAYI1-5x2AuGCSfiQj7i46S369sJam1X53db6LpvRH2K8suRdQV4psJ-Rpr0IyOFZ5NrPLSfVPIn4eAlYrfaF_pi03LqAplSjnNOjKyO_dukAeiccD0PMWMGE5nU7R4iKka9_n-leB4LETcBRTJKd-7RvjFtv25A2aN7cGoPcYFjM5mNc4kE971RYgaxi6Yt2m5zDKpI&xkcb=SoBb6_M3s6xkP2TC7J0LbzkdCdPP&camk=4HOcmqOLYrAXg_Kyb3Kf9A==&p=0&fvj=0&vjs=3,Not Disclosed,
Sr. Software Engineer I,,,https://in.indeed.com/pagead/clk?mo=r&ad=-6NYlbfkN0BWpgndjYL01xMr26yTqLCDFb3b3BUdaEwmMV3w6lpNxfdb7iEvGm0gmfmM0o9B9H8Jx-x-GJAoxTPNyrB109HZsMYdD6Y_QVasF2Vu3V_Zs6RPgQ5FLTBLpUa6NbD3EcwMrc53iLbfZwQEaAeSOMmuUjT13Lyd5CVI24gurf3qtZGrUNvePHYmqa23QF4ETHJWrBzMFMmYFomkbqraVHn5-izmXcdOTUJJdc_znBOZ-Ea5sTsf0SYtuDbrvLpxi4uBF3uZdvntIuOK3xfuztnA2J1E_Q5ER4U2F_Hv2FIfe4zrGK20zB5-zaFzPQ9IKjM0FyqEEgeJ-7qbcMQje4wm6ecrtFnjGE4DhS1nckAuXUCgDxcE4bVKDuEuKwfQ4Lr4Ewn7aPFT50Y9Sao3qulkr2MWC3I584kSrqNq-Zs4ZMEztKj1-zTiRK0LELJ056a8Es50QhVOLYpvd6XIJmSYpue2VmrSHM1vUeT222JEkrfbRcZWLRRZ-D1YxMI-7_V4r0cyuXjdTK8Q6dUI1i4z2RdMOg8PH8fLu5SlabA4VT5a0ZZgsM8aJqHupS3NIirfq3DsNlsRw4Jfgg9yvJq0d7orxs5hkI1n5TxN4UAsgDVVhx24O0rAGgZWfhUdmDhvoNVkl2Qj5gz949yDjhxFcanhMFq0Z7HgdpI_GnarV9r5nJ_qzSqLC22_glJX1clzI2l7iH4KAC_DeRkg-kluIMOyI5reY6Owe_TEeEJ_83I5iVrR3Zph5AC5Dws-WOlElJplgOT7wZ2G3sTW6KrEaZVHduU_Aq3SD417baIDkA==&xkcb=SoDv6_M3s6xkP2TC7J0KbzkdCdPP&camk=ethIe0s0hed5mhSVDYdqwA==&p=1&fvj=0&vjs=3,Not Disclosed,
Senior Software Engineer I,,,https://in.indeed.com/pagead/clk?mo=r&ad=-6NYlbfkN0BWpgndjYL01xMr26yTqLCDFb3b3BUdaEwmMV3w6lpNxfdb7iEvGm0gmfmM0o9B9H8frcQWLjA1Hi5v1HrqOjBFH6TNjcr0xTjJrWmee60bBAzRxkoLdfnd8P_Cr31OpZjrTKAjDT0Zne1Ya_ybm5UI-3N5yUX6zIOb7_e_pphfdZFpE1prwRPs8_vDruU6dK0WgX_u4QZ_7mNdliAcX0FFDEK9mTOggGJS5B-BIGXXpoFPwLqXRqBQRoOHQNKYPbILsME_P7WtKJWVGYRLlNr6tObuGUI1yFx3eE3BzbNZ3i8Z6gqWdk3ReqYYbrclV4kViP08tuFqyX7S5J5qVvMxryXE8s-F5orPrWjgwi0RioaI6NIxNIV51bK9YruB4hjb9Pvws1BCDdGMILhAKshvdwi_lQ9MWzT9hKFT3wAN7g0944BR9Pjxwy2xC4ACNtTpFMvMYffTNnpb8SN7UtEaVEvpQQ92sJGQEDHoLZl3BA2A_kgH_cytEl2aR8P-2AxpW70bxyOyt3mZQBc93sOts10yO3o0omI7sjM3_iB9gMXDmh3alWX81nKQYoAvm5k0TmC0Q0bBII8lW7c38zP4CWuOqMcu6NdeJ0yvzHQTB3dsSe2qGwWEQIHw1HWiP3djZSQ91aHx24y0HFvD4gYGpkPhd3HAxRBHD2GUNJxuOuC3rQv7Tqe3QTA8SH1Yjx3lPEcGi0rj90hzfzSaPOUb9psMYNx4D4ML8LlkaxrVqfHWIGI1-sqGOgGn1XKJi2YjB9Nc3fdeFmv-_E1U98rhVBfRzRZJA1IVjrYSO5ZqLQ==&xkcb=SoBy6_M3s6xkP2TC7J0JbzkdCdPP&camk=ethIe0s0hed5mhSVDYdqwA==&p=2&fvj=0&vjs=3,Not Disclosed,
Senior Software Engineer I,,,https://in.indeed.com/viewjob?jk=0f1e2d3c4b5a6978,Not Disclosed,
Staff Software Engineer (Product Security),,,https://in.indeed.com/pagead/clk?mo=r&ad=-6NYlbfkN0An6TE4nSNopf81v8h4GOnemh63Iw_8cinpVUxcVYAn6sHOf2KtlCGLc4fsMG9Z1ybwZg9PJNJ-HIyuW17Fb3BcFqKavjCSiLvmn_zplFob6A8q4ipYcqm40Rl2CVCvmRwowBXw6z14Bzdz4dAe7Z1c9fbWkCNiQedF0yolzxwa2UbPEdpeDwHW0u49b_BU4fEq3moFAurCHPDxh8tudwfcsrv-n7nqX8bjrUIQJzoYn_ZABqNbaE3QeVIOqKjyKKNz9uIznKliJvEY_p-UkT65eqW27YiRFz3ikyrzxb-nK0KaQ-X4UrP2kdZN96OdB8SM1NRwzW5CtuEC5OQKQrPWSN3Ilk4Ht_n4eCbmwCribUvgG2ojt_A5JavHGL1GJz2hoennJJI4GcK1ic6aTE4rdN6_nzEE8m8ImG0E--Z4aDICAHYYW9CU8K4rYvsIZjhjfXMqRsV8QzfziC8Qof9SWq3MzmnH_7NGgfAkDrDs73i4JqHNhxWb8FHRbLHsISXQVtV2DfEbFDZ1UtJWJYRv266jngr77XrgiPR3MEeTQDxZty8C2kV55UskEwlnYU1heLsUaJ1-iVAvSSd9mCoi3rIHB6vs-35Eh8qcwp-vck6kBRzkD8Dsx1nOVr_sezzw1OfQejnorS-pXCILf67B6KxwChLQoPDkQXxWIpp6BXAgHhrcK-PzMB3zYxLBAn6EObfO64k6fpA0OzaMkVXzZMtQ9535vc9CHmrW4QsgtXlNI4FlTRH47Z0vcJcV4kcoKlBKCEA0qXrphWqST6Ytn8TfwGBjY_FdPbWR6SLFUcs_9rp0NjbVeeDCBryXTi_nSfEPjZRsQad5A9l0uId03VivvjNn18501EgpRUKg2WKr76TkndfGSJf7Hm5hKbIDXyYWhpDoUoU2SkOE9-OCQJP9aRwvZkB3unFa1o6q8f6ZxB8_r9qg2jziaUhXqdebM7sI2D6oMklCOYbMACGlesGIrO7PdnZPNzeZ3awq9fI52fEqurPt-IwTi2MBa9kX9_uCHcH8L-FtLo0hVsmY_MbcxvHE5x6JcKDUtXT0cZyJbFcQ-__RNJIXUE8C7Ws-TGXht8dLUBA-szWwbtB2mVZ-ae3CKidQE0mzWCF6plixLowc9C3xdxE_vQmhDJA9SkgxoH_lZ3CPvOO51O212AFaSEJcOTL6kWY3d55rpJMaN9TzThHkgv30E_62ZapvYDy_auE_0pwrCnPYvmWxXI2zKNKLLcKNj96Tcc7T6HLDV21DqeyQbH76dyDHyGNcF3YXMj04nQ==&xkcb=SoDG6_M3s6xkP2TC7J0IbzkdCdPP&camk=UoKtGZLa3XILVxi3wsLnQw==&p=3&fvj=0&vjs=3,Not Disclosed,
"Software Engineer II - Infra Engineering , ITC",,,https://in.indeed.com/pagead/clk?mo=r&ad=-6NYlbfkN0CLAFIAocNJ4Wfrhm82ciahvtobYpoaf72Vrs-CtZeLT-trEu8EEwIc6NSOQ8Op6QLjGcKO64sKTN4Fn78NR9dGCi_fU00xGyxXCHwfzYvUwDKFx9r8hZov4WzghypOtqLAm-805fQOpzMWpnnsxEt5y2WrN0oF-y8SVJU2ynQ2mzMBcUGSi5zlCgBsPqGSXHtxZCh5blAYfX8Z2vVt_StihVLhawizjJ49w3pE6DfijwpRPHEkuPr69UWIdRbfMOgRwTnLRgaS63i1j9bv8dmI5uNXqVyZj876xzepIu12Aq81R0Id1eeDJlx7umCXc8nSwNOoQGZ_067C9l9E_bU1Nv4kWTtDn7PK1vr4DEvM9FOHbLtIH8mteE04zPnhs4-UwzKboBRU93ffxNb6RbsbgWtd73w2McRdqTjlCLP23hTW0uhAWhqVeMl67LnQn80220btI3_ojY2cTZBisOz3xgtjenDPw2Y6EJnmLHHb5PBjUJxyrzWXDdVrq500x6z2v2yVb5uHSRRnoHXQG2n-p74iGADjPLie7A66DQ-IVzECOb6s52gLNWFKn351r5vRh0kTSMRDQT2n0AlmcDxOEy37LYQFm7e7coAwBr19Syw_yi-3BcCPqcc1msZGPJrzYjKecF1_uhW56wNAoSA3qzBXbIhBSKU=&xkcb=SoBI6_M3s6xkP2TC7J0PbzkdCdPP&camk=UoKtGZLa3XIgFQ6tX0JIkQ==&p=4&fvj=0&vjs=3,Not Disclosed,
Junior Software Developer,,,https://in.indeed.com/pagead/clk?mo=r&ad=-6NYlbfkN0C9zUvXK4f9sirWI_dUpmMSryUtabUPYRy6U_5fKEw4H_ciLKxBV9llLt7cjNPj9DoPWuWq5hmq2BdaJ_6dVLHZ0gG_oEub9FNeKuChfYHmU79mUggNnvSAEq7X71BHyLrjJH3OIHOLdf1jY4dMkxtR1wuiCoD8yJSuF5NEN1b6POaO5CaZAcXYnhTbVLgVNUIil_PkEEcO20bVBuohSQsNyHkAo67jqKkINqfkRfYpoNWdhuv7sZjtBRdyuPhZgvIV2FZlokf1fnnK3MNZz3me7BvR4hiJhXucgyEgREuU2ecAjEYPl6JV-11oIecIXzekXXIyPnr-tPMP0pf8DKUs_doyHoqiJEGvxzPnkN8KzO0HAmqsNde7amLW2EkrlXL9MAun5WsdVZzFbuFViC6F7_i3msNFX7uaxe-yAD8fKM8zvO6t3K9n-bqnaGnzhfViMkF3ntWpsnghrVv0PwLRmMZEnQxq8wqx8iZTbnsZEe2LgQtW2-ef4FQQxst_lg7allGsEHQ4jEQHuJBibTGfQrEXchG08gBf098j000kbijFtq9l4_u_ihm1VJcQuZMvQVJ01iQvGwhyK7Hu6CmyOh54QKuESzk04s8nufA3vqPjEfDpVqt8nm3V3MV0Ij84FOq_x5IKNJEVNQ2ICldcH65bWJH4azxfFVWY4HyWEIH4Nmnp3_Yr&xkcb=SoD86_M3s6xkP2TC7J0ObzkdCdPP&camk=UoKtGZLa3XLfJKxDQ2W3UQ==&p=5&fvj=0&vjs=3,Not Disclosed,
Senior Software Engineer - Java,,,https://in.indeed.com/pagead/clk?mo=r&ad=-6NYlbfkN0BWpgndjYL01xMr26yTqLCDFb3b3BUdaEwmMV3w6lpNxfdb7iEvGm0gmfmM0o9B9H8lZRuMVCdqFF9LVXfgl6Ihm3V0Msy5QIyLEDdOZyFud0YP1Qf8NYRdJ9oARua01tf2gFdFX2ODjHD7xG8ZFb17rghCfJPfOzmadRjjYSrdQzZwq6L_0eNPcjj97YXEQs3M7ATytzmlVRKF0ahmaekwi6S06BBxTQqV5pLkuP5asJbBlJDKQ9EwUvgmFjn6Ffgl7kLbxrvQCpT497RGcxIXMsXYgr0o7nphTT4B6Gifs-ANmj1JgdgXljS7Djm_RCfJxSXBQuzHtqJyi-ceaj4_ig3KOg05l0pe8vBDmb1TXoIRBK9c0ucPZVBaueykvmB9jsdq54Iam3q6ZaZeqaMNqq_hAvpHakTkhgCFTLsVwEdypxxGI7oR7E_hCzovA3yWse6qqw4IyVJFBayp6wdFT_644Fl54ooJGrp3hIzqq5VAVR24P9hkZEzNJCHf8zwMKaNctRC7M3HywJhtvsNEz_6W0H5JiE8PJaYyUv4eUEv9CxLUF5NroVMRgGvOr4ChsYk89wJv2Gsj9FqsZyZxodiZK1AtxVeILB7NgQofPKpMxZMw0VC5YzxmenziSUlN1EPuow0mpKfjyMIXviJHCF6Fr5tlhRp08azxtZwLCoCNV34EFtp9g_VliIpc6Erz6T_VrFq-qIYdyugT0a6d9yZ9uhtOvzZawe4s4N32giGPBUyXD2rQkMa4mVxE6PKmqc4wNNeIOuB8R-JwgxjGw-IURCnHPqZ14jvV61IFQA==&xkcb=SoBh6_M3s6xkP2TC7J0NbzkdCdPP&camk=ethIe0s0hed5mhSVDYdqwA==&p=6&fvj=0&vjs=3,Not Disclosed,
Software Developer,,,https://in.indeed.com/pagead/clk?mo=r&ad=-6NYlbfkN0BuNdfkM5BEUR5j1uEgjfUUTo_Rf2mQckGko2lZoZMiAcz3OeosIRTEN4f_kXBSct-1mMNvgzmH8VF-UsER-SqdRH0tKzNstKB374RGZEGpT86tPHwV7nblMhOKH0TWm67b13m8ygXwS-t3NHSrPjVAP4y16UwhKGAFtbXsr6JG0gWN9H5thPAPPjyzSFeIe08G6DzuLFN_d5qvEV5xbBlul3gBBHc00fUKCHv1ytv3hAoSF1j0LvO2POyhH6nL-XaPsn-iXaQSXPrb_KtDtfW_i_zKSVDMQ_qRMrD1u0n3tTgpN1reFQIQ-INFkevoOYHVHyn8sIQtwWfhbUn7ilo4-5yx38JqtRXu3O5TWLSpjYU4Nh01jd8dXY7wSS6iBfI0pw7hdNWfFgipUU03OOjb_ldjR5ulr01kwk31MiLUsDcoDa3iiZ6cohbNfXmb5cmgf9zdl1QbiRyBtKlPSucMY0LHmCMbkLUxSykttkf17scaDZeToLmOJQN11leViIKG1UylCnR8DMXAOtMNAIPpbb_D8PNdRLqnGv0D0UAyc0Bnc_3lSsHqiUFCfZV6IMpNFLzIaBcWl6iGdTLpV9YHMbNRm8Zdj5aLHRRMpcVH8RL3ecflorMczR2BoGXkHLPYzNare0zm6cKiJhN8XHLKR2dzuyxoZZ4RPKvr4XB0VK8Q6XI0OB_2qcEYFW_CmFs=&xkcb=SoDV6_M3s6xkP2TC7J0MbzkdCdPP&camk=UoKtGZLa3XL9_VvNJlD49w==&p=7&fvj=0&vjs=3,Not Disclosed,
Dist Software Engineer,,,https://in.indeed.com/pagead/clk?mo=r&ad=-6NYlbfkN0AnzRkaKcv1Fhr9gpPEB3PTtU25lPR4qrSrIU5pTTjTMe6k-nWYyqvZ7t4KpIYd5WvJHeA5E6658_6PMPJv3nqkbIi0SsoNZ1Kno45zu97MU9hTHkHAcmcWO3JwryY-ykDg3AOaNrGOO6MHxj3Vky1x5SnQRFmPWef4wCtmHUIn-Rt9hRg8LpjPzpYJbxXbqMsXjmnQ6D2h7tHGz4Qab7XtnmzpTRpIvIhOa9eZgAa1BjdvvnTzroO1ivNq7fkUMnv17jDe3jeq-4WpD6dsp8ZJJ3jbdEFfMccoNJ5jA-CgzL4MAJCrOn0GhImd7RfAlXjYPT-WU6w3YkbIxH_9eyXC8mRCS8XbDOYpzhh-OwJMzuMz9FI9_ww9rb5nFy_1c2O1I-s4mMwKuEWwKYbZz-Euizd0hweMxSWLwhNX2de6Ct1Rg_5-NLnjW_gl3Wj0Dr7nF5Cy5T9AyO_WlvupfzX6dH2ru2JYhLK-a0VLHRVa1aOeKngzLK8Lpu64LebUEKgaJPTAk1QkrgPQdah68a9Ett2CjI5RHW6fo8kmeu5ZxVttKg2HTFYQ4VD3rRsKyFrIBzDswY0i2UJPOoOA-V0zjVU1M3Wux29vNWCH01kD7u8Ow4_sRsnwtej9u5uJY4Ywn8ah1BEA74T7WGojoZ5xXIVPU7fL7Z6x_hh8w6B7-RReg2LZRWXT6vdFfhHVw5nLZMPSjNKxqlHu60hGMICJgPAdNV-Te2GIUyqriWJqQWA17NvD2nB7HrIoILsvOltpT1DDTRQu5QwseFXT8noKiCWax7UVlTbERU0koO34LBDS--ja9nMF3SubA9YXDhgiH1MOiG-26ND-s2f0Q_Ylz3GQ6hs4Q30i8xW3IUfP9Q==&xkcb=SoA86_M3s6xkP2TC7J0DbzkdCdPP&camk=ethIe0s0hefC-9-VuHQqmQ==&p=8&fvj=0&vjs=3,Not Disclosed,
Software Developer,,,https://in.indeed.com/rc/clk?jk=67ee6a847e7ba86c&bb=MqNLxpMnzhTT9BtxKB3J4Bzac3lzlyWreUt5_tprHze-wR1o9pP6YTgBto1dEIohXTAOLjomzaYY3U5m92jFOwiBHPwivG4OG8ZCDIQf41_fVfpASsHiGwWopmelxorq73VyD8ss2YWDl_MfIQFHHQ%3D%3D&xkcb=SoB867M3s6xkP2TC7J0CbzkdCdPP&fccid=f1f6ae8b73e44d29&cmp=Rasoi-Software-Infotech&ti=Software+Engineer&vjs=3,Not Disclosed,
Python Developer,,,https://in.indeed.com/pagead/clk?mo=r&ad=-6NYlbfkN0BnfyTr7vaMJnAc10cwifMhGcneql4L-dtfEbDYEdVCRc0iW86Bx4RoL-mDE5QasRE3EFBj43FE1h1iniuaHJ_Cy7pDAd0sHdTmZJ3X5EC4LoHsE0-2jPA5S5YEpI3vTs5lbcI2YBlfRDzhJMkWYwPh96m0vMoH6LOiJqw_J6MV2KPTJO5wApCil4tnAKfvmJRwXvP6zE5bW1gpjHv9W0VX6iUZo6I9fel-AwFBbkUNkG-A1jye0-rD-bujrG5UAKj-5BjrQckkBItvFyhExisjYXHeuB4-i37z4o3KP2qG9-rOlau9pqdUBVyhdLKdond2fr1uANKEbLD2ZN0Q2_Yp1mdMgxMP20rhBopCViBQGdQLjv7SuLu647AypSOcpC79IBhkb3gV0ray0VVgauKRarop3ZymYkYTY0ODf1KAuuf5VYcM86rAZezwFBzS3M2q86wvFKhsMsF2v9NxjWSd1x1v7Qy3npB6JxE_srPcUoSDk7Ta-8TXxYaV-CIi2Y_b_Wna9Su2LN7kPaJqWaT7Zcl4fQXK5SB3XXPmmBa3OnKkHlp0je2MHEjuq-HvR2_gZif_BYOTyMCDwIlKj4DkqaDYxLx5WqcgDrwIM0jp4KXxWFdDpLYx3P9lAgEwQI9-KTITsg-H0peKdAnHWDWVTYmRnNiuLhNPl5SUdwr5fKJZcshS6GV5-RV42bq1Rd_56BW3qZZlo0mbkrR5A1Dl5GTs-TbYALuB8Ng3XUmD9KLWFt2n6-Rt0RNUuoqmRlX9DdTBuw4-Q0D9O7JgpGf9RUpr8_ncfjNP70wevW_vDOMr0E3K0a7Rds4Br7PTEGPzxsV5GTfqTl41dakyV4Mj4oxkMxMjSv-gZ7QwwuAg4-OJig9ySflZ-6TaaXfGEPkjksS5Iy2_1uqd34Vlb6VZn0rMytS1dmo71jd_qivUa7EeHakermude3g0Saqr0B0n9niU_SEyyYY-PWKBI2Jpkb6pSICeRjygEDAFQgLdOOPSA_iwEqOhi0lto_EgLK8wWcOn1F6A3erpFe6OcOUgACIjCOe6TvryjOoZfEBh4B0BSvo80tXxvrLOrhgcMEk8GXTNRMRtdCdqOvpp374V5Gjp3mTm0OdhkeRvGvY7i46lbdY3YPC1wQbjKBaFVV-wL3okzD49ft1gMYfXKp6_kXSZ3gI1Ax4k3YNOWKKjFUyAD__qp36o9WZzmu8EV2m0U5GBUe7X-Zc7-vzpOlYvf6P1TIB84b8Fvezy_yY-D0rht8e3Mz3kbqkOSQut57PtUVUfT947y8wTFvIujRnXjCdSxP3g9qM8X3DmzhkB6xhpcLaiKyW5sjzh5QYIHO61-O-wi9uioFIpCNenYQ5IwFgpG1zvWxo=&xkcb=SoAV6_M3s6xkP2TC7J0BbzkdCdPP&camk=ethIe0s0heeNwsVjEBHMjQ==&p=10&fvj=0&vjs=3,Not Disclosed,
Software Engineer Intern,,,https://in.indeed.com/rc/clk?jk=cd16a55bd5411ba5&bb=MqNLxpMnzhTT9BtxKB3J4EqF5Da44UBCe1GuCZbW-zF4UUKPeQMIGYbsHF-Q9tha7vFA4BhcKu0BOZWQOA5gks32T64lVJvBgCV98VxMzKwD9ipCGt4HclhtUOQsG3nLPtPPiCeTq-m_enAIUYA-KA%3D%3D&xkcb=SoBV67M3s6xkP2TC7J0AbzkdCdPP&fccid=cc15a3806179f19c&cmp=Rapidd-Technologies&ti=Software+Engineer+Intern&vjs=3,Not Disclosed,
Software Engineer,,,https://in.indeed.com/rc/clk?jk=7f45e4deec599a91&bb=MqNLxpMnzhTT9BtxKB3J4IPfUeqGWWDhS14NDqn_tBJg7roMa4CY5t6UnnbxpYj8aA3z6cDlYKNIY3XBIKdviDa8W7WpurpX1aiqaD0cieFgarqX3L5hjbg9XXV_-2ioAIpw42vmFF_zy5N_1eVqCA%3D%3D&xkcb=SoDb67M3s6xkP2TC7J0HbzkdCdPP&fccid=6f16085ee6f5ebfa&cmp=29kreativ&ti=Software+Engineer&vjs=3,Not Disclosed,
Backend Software Engineer,,,https://in.indeed.com/rc/clk?jk=538f4cff17590087&bb=MqNLxpMnzhTT9BtxKB3J4D6nGaYYCtNVKzvZeN0MDMg_DQ70InB6RNy3_BEkGa6dNg4jSL_JcAAXXfgGsdB2BkbDAnrNdVhd98NoDYiuNUeaBcnKmg2KyXQRZyP_X9gLf0cUbXpcn6-hgnLm6_Q1cQ%3D%3D&xkcb=SoBv67M3s6xkP2TC7J0GbzkdCdPP&fccid=789121c246ac5cec&vjs=3,Not Disclosed,
Software Engineer- Intern,,,https://in.indeed.com/rc/clk?jk=bbccf49623985e11&bb=MqNLxpMnzhTT9BtxKB3J4JiK0elGBRrifW2eOcf4mKbQTEePwPaTn_oLNaoeWVNDZMbIK4nZ6L2qkvIe7VfMFPFmdJKKpljKkmvQOg2_EuCwTDhFDab66Hjb-TwPy1Txuo3kl-RNDpT8AVHSse5Y7Q%3D%3D&xkcb=SoDy67M3s6xkP2TC7J0FbzkdCdPP&fccid=789121c246ac5cec&vjs=3,Not Disclosed,
React Native Developer,,,https://in.indeed.com/pagead/clk?mo=r&ad=-6NYlbfkN0AdsiDLVOQGO3qu2x5Fb8XabMR3YkRt3r1H6Bo_39ZLtpHUUpMUg5V9jmRGjgrsuyL868knk-JQoJ-1YS1esory1fglIVKKqr5H2XF8iMu8PcspJ71y61Uz6ZXDi0etfEAWsE-IcmZ8zJemTR5kKBF_IhgottJKy_IBP0BhWiTAlBhIkLWsjc9Irgqzd8nSZ1xV6i9wZikXT4N8XhPoTNlFSN2-NtprQfQOg6oV_UzxB2ty6SKhbhRcLa3siUYk-qgXwarTf1b4uKKSXGcm-aHHio-NTui2TsvP-IWe2nStJSvYS27t-Z2q8NS5Cy1295pBPNGl0k2tpBeSXOR-hOjDMBGyl8XhTsMD8TIXFnP6xtkZbg18OryoZHq-PSIZsGheUaz2DcXbhqvLP2d4X7HXDtE0ljDNcMh_FfBThokJfh29Vp5XTvk3CCzQw2qw9J4U39l7QrEUzJrc7Md72I7Qib65dXBZx2RSuM0kHwNhOvjGmOjo1yAaHe9v6e2KL06nXY_QkODgGg2CRpCLYvhoLOF79xjGSSLpKfz9Q14cCq4QzShfQQhJDIlqlhqu4Bxn2BaMOIEEtRzQtWxB-6i2DN6i4D_WVkx2y7lhFT_z74I8v6S1uUd8JPi5S1BUnbJ2qI6JTT0wfxFd8FTv_EecXov2wFq0p2HDCsajXqVBh2NA1WgIrSUL&xkcb=SoBQ6_M3s6xib3gYIj0LbzkdCdPP&camk=UoKtGZLa3XIalg5XfmlPkA==&p=0&fvj=0&vjs=3,Not Disclosed,
Python Full Stack Developer,,,https://in.indeed.com/pagead/clk?mo=r&ad=-6NYlbfkN0Aui6BCcE-ye3vL7neU-W1NjBQBNOStB8RJLCm10O1L-oVyB3VJRaeFjnaXoj36L5kYNOdXT-cuZjMudHqDww32tt49Cvbh9OGXxMhg-hqoFdMnwIBXRo5UXtC6hmqNvc9_E4nv_R1j1Jg1O9GYNYGWlhMtpgKO4Jr7CqSuyUrlogOJgsy783qfG_s2sZtMrKee_I8HO6wldgJ_eFHPzlkozDYZc5TqJ0Ah1Q7Nux9cP0PNuoicAE-XQbIFxJhDDsILlp1wN3HnVMHXvNoGeCgVaDjuUxsoRcJ4Zr_sqJo-uT2LAsm1TI0pMzJKutJTDc8TK2gevBqjWLWR3RXBxBF1i09uBYo7aF9240Z-jc11aWbjBMn6CDry2yTbxY9qieQOQmfF6bOuUPPgcet0qHXKpHJkD2bO2eBl2EEIllplsZUiAQwQmsScagEv0-kRsEjoc_A__JkC3ZunrJhxejm-1o4c2mIrpCBl-FzwW1Hyp57s_MUR--PMG3z72OkGnUpUdFs4HA9X7lzkLBI8wDq5Flav4axQqxbvQ-cfkquhzQ9K4okocc3kBH11Wv7c1JijbN0fPGxty5qdSx-WPgn-uGpowSZ9wSmR8fXCz8mAy1NKF3AQksQaMQVadl6BHgBFa6wvkXRattpc05frrh1-M1LsFTBvAM3SxPOuOm8IPnNZOcjU55_TL_TRDNxwV-Q=&xkcb=SoDk6_M3s6xib3gYIj0KbzkdCdPP&camk=UoKtGZLa3XKkVgy9TmUfOQ==&p=1&fvj=0&vjs=3,Not Disclosed,
Software Engineering Lead- Scala,,,https://in.indeed.com/pagead/clk?mo=r&ad=-6NYlbfkN0BWpgndjYL01xMr26yTqLCDFb3b3BUdaEwmMV3w6lpNxfdb7iEvGm0gmfmM0o9B9H-8nOqpwgcTsSlFWf1qHLoVWKwI8rtGUKV9-TfxGQ_fArjQnoqcgya-Ut5gkruRJa1TMHhTD3g1swGVJGfoVSBBp3LPX3lOAAmzOXBCxAo5DEjyorR2f1DEHh9_avNVYxRcExegihFrOWPbVE7ocOQbLxYBWhNIb_GMg9QKcAovXo90CbZmzKmM83xZuyXNtLyysDiBuoFq2rHji-Y1CdNskUwa167PmEOYhqBWWwbC1tzzy2GQ6ThfbjPqGZMVczubXH9wU4Bm94zSBSiwA5i-CpvvVFbXByKJOGVtrs1uGZFfSuJdkNWEyBDBR77YGAjRYNwsPvDrrG1kow53cdVbwD1Lv2k-uxAC70ihc09UTibeuloL358bHNssuio9cuJWsYFWyci5hqI5-R0FBW1LRR1EoCGyq8RI8U-fwohSqX6n7g8SJXi3tIVuVPaaO-TJyejNPSPrSuztra3rfsNUMRF7fBXJHnOuBWNbwvczJMAg6U3PVFyziFNpU3jJXl0mrJXRz3vjf1uAMsZuU-PU3Y5MyrlX_G6ImJiD5xcfSK4PBU0dxlOmKfk6z9YJ4T5SWASjXY8lbkZ7-ZVN5sOIyL9gzduT0F5GWdmwxpvBQ_H8UrZFMuh4rRBTV-wJJt0oCYaIuxXN7Z-HYS4fL3mDrx4UCs_moCG4M-7WTLL4KRbTv3R_RRLIH9guosjwJYh9i5pgZCKRl2a4pAEjo09E0h1D1uCSUv6GtHqeX_17sCMT1i8WvwO9&xkcb=SoB56_M3s6xib3gYIj0JbzkdCdPP&camk=ethIe0s0hed5mhSVDYdqwA==&p=2&fvj=0&vjs=3,Not Disclosed,
Junior Developer / Tester,,,https://in.indeed.com/pagead/clk?mo=r&ad=-6NYlbfkN0CQAV3FTBOngz2mcHA-Ku4Eh0sbiXagxfXId6O2eiIGFf0p2-1mifP4xrPuBZ9zYfNO9tmguJlnZA08ENFdgA9B-PKzV43bfuK9Yy6vgzB61u5LndcmuqMdF-cN0VYKMPnOuCKhpYebHxApxMxOw1qfb_JUHSgeKEZXos0pwZjiMIG8G6JqGjk1FO2teNK86WWTKNbWispee2e8fe0ZVS3dy64m42xM2c8zhZIfvJhg1Fgb1k4WzCus4q3mAwlRuLzJzm14JnakHMOrxliK-zzJCMzBg3kPUamsdHoLz0YHomXWfSlNHMC4TjbY77mHFyDcI5go52JOUyxpqQrAbW9dl0Ll6DD36LZ4WfYJ04IO-Ak_WPlSvS12E_A4mWEvToCEdVe5Rk95zEhHFnRtlKz0kdUZnTQleoZ7QWgzavXTSWGa_3AIkcHrRk2nWt_fPEbhzxVWTe364iTD0h2fCrp23PkaZ4jUaTEwlPRbb6lNYbxPyMgNMOdSVC-dL_Xpe6HdBLAFvOeE9uUuEyrJvvYdasSiNxMDuaZSzQiew0rSC4zjesX8lXHfo_y73EI6sPvZMYgtlkoAe2yAfyVdW0CKK9sU1uvrd_r2iFzrZcungt2-h3t1ODDkKI57kxmfP6qGd-Ynae7bhaOgE6zldDA-hvTaUaYSeTgJxO9DVNtSwNjOTZE0Gq4V&xkcb=SoDN6_M3s6xib3gYIj0IbzkdCdPP&camk=UoKtGZLa3XKCmV77yTStvw==&p=3&fvj=0&vjs=3,Not Disclosed,
VB.NET Developer,,,https://in.indeed.com/pagead/clk?mo=r&ad=-6NYlbfkN0B5pjQbJ1EhBdlIzUXxCHGzzhjQi7Djr5KXVw8h6tX1y51ZDAw6wZPkGPlGDB2x7coCnIaNYPrtyxmNMkWl8UxNDdeGLGK7oTNiT4LNSuJCxAK9NaRCXExH0XsmeCfyVYJ-zK0xp3BnSEf3gEExHupKFXrHDCUMiU14fMDXsznVSlE56TwPLmqffNMDMCcxOJKpngHiMqyTqNzroWxcIbkRK75oYBotZl4hblq1FPma204g13RHtdhfjo2XjX7qK_fYBPfvCtBkE2BJVyI4DKhiL9Ad0jCkMh5DExzyu0hIBDwzyHzu4kCSmb6l0zhm8SHNn4rN4hoPxxtP2Dq6k_yI7Gijha0xyJbxPImGxV_KpKnok_PzwY5naxeewn0baMzRwlD_t-aCbla8aejSlzP5lmoug74A0ha9FVblEn2c7HpJkzlzTVTn4Cueh7TBjnwpkjM3Br19XdtOA6guahs1DDSs6VHEVD7zKnjNUCzg7q-TUfbBFEyMHGPRJYybDKIQPJIZ_lb9DXTVqtGsShPoCsc6G70p8lfL0bI-Bbs0BciCEEWYqBoRy4JciIHiLd_S6ZSz90Izk6U5DVsJk_UEKPCr2W5hwIJOY7E9M2lR-DHWkgKoFpYFHkQRR265PNVNH04Vfdu8j4RULDTM-brBuPe5lNQ0bq2xt3dBZ29mcA==&xkcb=SoBD6_M3s6xib3gYIj0PbzkdCdPP&camk=UoKtGZLa3XK0baGCgB69pQ==&p=4&fvj=0&vjs=3,Not Disclosed,
"Software Engineer, India",,,https://in.indeed.com/rc/clk?jk=8d9a5b5ed89b1242&bb=sUY40Gy2z3lx_nGHiCDc29V3_1ZWbI2Twyyt4k1QqUQgpgCdp858mVFCWCcQmfOWCWXjzj_4uEXTl1wo0p4FaRnc7EF2a5oYI9ftXWOhrIfsLGe-iQPoQGouzd9-volK9yE2nk4yiZp0eSCJseGJAQ%3D%3D&xkcb=SoAD67M3s6xib3gYIj0ObzkdCdPP&fccid=be59b08211753c2c&vjs=3,Not Disclosed,
"Software Engineer, India",,,https://in.indeed.com/viewjob?jk=cdef0123456789ab,Not Disclosed,
Software Engineer,,,https://in.indeed.com/pagead/clk?mo=r&ad=-6NYlbfkN0BWpgndjYL01xMr26yTqLCDFb3b3BUdaEwmMV3w6lpNxfdb7iEvGm0gmfmM0o9B9H-Dg8BJuD7gagGL3GfQz4pZDp9o3vUSVFVkMzdL7fifguD7sSuaEWKsbbH_9NYH1ym9EF5x1wq9L27_nYZNR61EH4cXMZazooPAdpi_oin8UJudDEktHLFcfmSeEODA53K-O5yDiRP6UFeQVH19CR6unvsQikpQgXSRKfWheL1F52VrRKea8Y9bejp4jfkhSDfnRjlYZb33KhrjCmCD091NsRQJA266s_rFVEWgXmbmMcg86-_5LkNdL37M9aUzdYxLmk0M25Dt8a89h7ixkDXeOsT_hZkGUdksQJY3oyAkMDRPgGmDDNxOFnDcFxNpMPtdNChw4nvatBibS64zaGXv5lXd5b7TS9x7TWBAVpJDDldGkAQUhZ6eHsf0NSyDa1ePgTFxHoxY1R_VyFiMCC3m5m77U3TFOc5tbPyKnxOqHctJiUwO0fWsEfDKNRBJyfB1XHQLlpwdhxKzK-DY1gBoOoQI9W22vJnYSOjSvw4gEyfI4yF7RVuUf6fa1YDSy6Z8BM4Xu1q_Rt4ZneUB2cCh_JotCTFEdkUTk-VuqnSu1Qc325TShiFx_c5gjtr8tbnv2KoxlSHc_eaA8hMHRvbEhNBTrWYZEJnP-ijjl2Xgd8KDZ0Yr5kRGA7ckutBhL7rhwO2xdxp8oKm_Pux7roPadBKBc4hXoUveWnSSVxysO-TuZADuq9kyplO9_64K1L-QLq8gBSyNUZv8EusO63u6CFHXK4UlzzXtJj-44Ci31w==&xkcb=SoBq6_M3s6xib3gYIj0NbzkdCdPP&camk=ethIe0s0hed5mhSVDYdqwA==&p=6&fvj=0&vjs=3,Not Disclosed,
Senior Software Engineering Lead,,,https://in.indeed.com/pagead/clk?mo=r&ad=-6NYlbfkN0BWpgndjYL01xMr26yTqLCDFb3b3BUdaEwmMV3w6lpNxfdb7iEvGm0gmfmM0o9B9H_MjqLCFMqr0w80Kcso37Qz8aecLaXs-K8unmRydtfiIFAwqVZFk5EwwreM_qf_UUy73WFdCTAAZiCxg6Oo6Ibv1_H0d8jsievle3yabVZGDR4IFYC34b-6yfNlzRlJL3eIvSrabtf1QMy-k8jcykGnP9t2lQd7QUqZwWbGC7E_0lf42utWU7-g_qF3YJH66CDOGGu84wBTjV_lvgspI_picc7nCxycDOe3fpvJNDIPsg6A2r_MmyeY1FMqN1wLbYc3e2nEFSlu-YDBRT0c-0bvRmgt-0otk9rh6JYLwfMZUBoRhpEFaGEOTg0jeWmmZPbsb_jGozwIE2DuNa0wXqOnnAQInnNDHfrrzjDueQL-bf710rpdr5pS08zqvdngX8gIo2IGD1BgHFjuJ3Hxphx2lk9Q64lCZRSAKkUcO_GUD-6UIypVy_TfnTOqNbBuG9bVvB5f7a-9ldInfK9_R4zWQwQbEuND5QQt4sGP9nBywt5JGLi4AzSyc9xyChZsoWRCzpLPc5YVsCXaYBIGh5Qv00RBroMo4WRK0KVdZ66Ces5AMwWC0i5gllXD6zvwoIWs2xMfkKqi2l5hYMsXmnB8NP2JdyVQFQ0fWBXJeYeIoF9qy_65_e02jqjgmn1Gao1iV7wZIDHE8JXEYB8vMXOS0OaBuq3lGgbLyqwj7tzsCZWl2vuaj01dXql3bwqA5l1RAP01_OD1pSr6ZZPyIZICx9SpGTzFOCuvq00wea2HcfYyliG_H4jL&xkcb=SoDe6_M3s6xib3gYIj0MbzkdCdPP&camk=ethIe0s0hed5mhSVDYdqwA==&p=7&fvj=0&vjs=3,Not Disclosed,
Senior Software Engineer II,,,https://in.indeed.com/pagead/clk?mo=r&ad=-6NYlbfkN0BWpgndjYL01xMr26yTqLCDFb3b3BUdaEwmMV3w6lpNxfdb7iEvGm0gmfmM0o9B9H8Jx-x-GJAoxZjt2XjtqFkdIoj45TmXrrfPk5g3b-NcEQ6EmoJIG_-kdzE0A9s7pVh1GAvKzE-ht7o_8WKm5Dwi7PmQnNQvyIc9xigV6n45Sbc9CN_lzBeTPOs0E5hnjCNDgFK8fOuKog9o4YAvqYE26NDm4Ed5_auoU98lOL6sSI8ORWPWsrZSI72q5vJM8JJvNrY-Ju6OJaCbFo-cTNzZT-2Fi4YHCY1qpKVkd4vGfFimPys9iwRYmpxxz3dXtAtE0IjKaQhg8YwhE60RHbunzxSPC0R-PEIgFO--MiS8kMz4kG6CsFKQxH8Znzx3UHVSv1GgLva2VehWxFBF17WotSDtGtGPPd-5WzIWlqEv-jRs5WCQ61pcFY7g2xLTc1MWywlDijeJTvIZ4WRXHW0vxpm0JptGxXIqw-6VqFBIQVaMoq3SITA4aXgMjf67RjBGe8FtOQPBG0EWSjhPnytbKNO6ncMX_iN0z1PuQ2TUlKTcOx-lEwbCa4gzxesdIBESAWzJCyl7i07tRp8a_Enlkw_4gwzj16MJEiDYP1_x6mWoFy_O_8RfkVTdSpRH6EofJk63zSGg6vkXFraGsC1PnbPNpzAnmQ1l_mnAUIln098n70s1WAOrrwo06c8_aLyvGD0E3245qj0rQG6pYKIXAue3-GSuIHnREBUqwfj9CAdw-vXdS6laAOirnEoLBw-UvaZSbrdEB5FYwJsqxesZAJuPJUBnVKU6pkcOvTFnwgyXMgMPILXg&xkcb=SoA36_M3s6xib3gYIj0DbzkdCdPP&camk=ethIe0s0hed5mhSVDYdqwA==&p=8&fvj=0&vjs=3,Not Disclosed,
Automation Engineer,,,https://in.indeed.com/pagead/clk?mo=r&ad=-6NYlbfkN0AabRn9a58UDuYbw7q90KTRyiv2QVXKi5SuvBc0gA__TQcyK0VRIgUC7xDC3Q9MuCasI5RIKLGX22y8bFLNXygqBGov3yACAbjefw8uKUNcGzRwX8_QS7qS3W0EJFXHSbX6eCe_gmO3in_236j3r9gQui4w93R0-23Y8JApXrqGCse46aAfCmmNiHpWE_MQHeCHrYJiI3hBxvVGRB3dX2u6cUlSxuC-Sx8eZcq-tcImFPm7B1Pjzjg1dnc-H5ZmPJZ7mU8FEC1cJrhA1FuclVs9TSn8S_80LOlSr2EiYEPXpb17lbnOBCYL2MKtc_IPQLmv8m8L63XJG99l2iFkY0DZ1jqhSxogiE_ZJbOQq0RlU_21G6Ah1CUzHtd0tBw9KbF6oFlfzstJvEwbviLhGhlO3rXtG-2Tsaw4pepEYz9a6LSAGuG_vB-LBd691CDXisDFNisexhM2py201u__FmbOSN0eA4VWEm2B8u8DTfGhenHrXQscGoRbFIXJnaTOw490JwrWr9tPVwtohy9B50Vc2DFgDaJDv8VcRukUtRSWHob44Xmp0OMMUciHk-1vYwcXEQgQXwYOBtGY7fPTJ8mzoOH8fimwvLG-fd4vwMdSQurLDr4lq6WHtEaW0OH--6zxgd79gXEXeWA-kdHV8szC&xkcb=SoCD6_M3s6xib3gYIj0CbzkdCdPP&camk=ethIe0s0hedHxq72oU0CkQ==&p=9&fvj=0&vjs=3,Not Disclosed,
Software Engineer Intern,,,https://in.indeed.com/rc/clk?jk=03ca4ea8039b076a&bb=sUY40Gy2z3lx_nGHiCDc20RExCp8g-NaujpEfaaPPODmgSMGbqQ0gK8xrQjUjzDndIuA-dY_zQrFGfLSporKLeYgbfW78NlO5XFR5NRmSdByFg2Osb3yHbK85W5VMUOiJp-TdPLQQkvLJCxv6suNFw%3D%3D&xkcb=SoDq67M3s6xib3gYIj0BbzkdCdPP&fccid=693e4534a328a646&vjs=3,Not Disclosed,
Software Engineer Intern,,,https://in.indeed.com/rc/clk?jk=4fcfa8b8f95bb579&bb=sUY40Gy2z3lx_nGHiCDc22st8YQtwSGbvKnhdmQkeL_uW-Itmp60JlwS6G3viIg8SRGVZV1YNHzkZx2SDO8s64zUaz4TARxUfcXWnsuF-vjwbqT2n9jO_zli-Jf4K3BAKkJdBt0IVBNSjAhn4u6egA%3D%3D&xkcb=SoBe67M3s6xib3gYIj0AbzkdCdPP&fccid=c9f65a447d6c292c&cmp=Nodesure-Technologies-Pvt.-Ltd.&ti=Software+Engineer+Intern&vjs=3,Not Disclosed,
Software Engineering Lead,,,https://in.indeed.com/pagead/clk?mo=r&ad=-6NYlbfkN0BWpgndjYL01xMr26yTqLCDFb3b3BUdaEwmMV3w6lpNxfdb7iEvGm0gmfmM0o9B9H9I9wBqJjxxbH8o5UUf1racnjXPvuhOPRL-uau5xsO93xn1fPgR4wFS9EP35idBMJdWWBEDYsBPOmEgaLq9lzUFlmQyn4ABpmHTda2q59a8dWJdvscw9UlII3aaITYKfydLw0xz5I2r8zwzILIfFFdfX2YsPugoKP2uKMceC3EEFnAE3dnEORXTurlFG7dqoofkMyGpUv_gpaQsZ2ePOI0Ny7DdMXVzrdCXg6OWMQoQM82f1FWeyQaXC6S3vwf6lehK4FCJZGDTEyNLBBX1P7hT97VTq7825A72tAh-zY3ajCidyZfTFehzmSLJjVg1yqx7BWdLOUAfa3DO4BHMP765QV9xT3OLs235n1R0Az4iD1KaYo2S4uCVOP5pCCKiavT7f3BR1snUmrDAhb_Iyk4CIskr1BYDXLwxcKl7CxvjMT33-H8JAPEv6_grciuV_CsM9Ql9H4Ex5tlVhpvkwk86TSTVkJnzYILmflaARi1dTmjJQ3zbJSOPY2TvQPz-QFoTEXJQ9Sg4AVavk-v_yhGnNIthmicCmPnstLOy_BXQZrVpu5t_1aZlnzCueeMQ76Yr3cxR926oxowEDu1dmEjX5JPmd0dogmwv3LHmOH1UIsma3WTg7VZf82HrMh_ffXlrANUgjI3TGTL_oKgb9A1zQyDZDYXKPjSTytr5K1sEo3AYYlKkVsCGSJlVSM8YA7k7mMut0UFJrGHvKpLrnbDLY-v1J6SaC8RZwppIqOCE0ghXNPHj7dwZ&xkcb=SoAk6_M3s6xib3gYIj0HbzkdCdPP&camk=ethIe0s0hed5mhSVDYdqwA==&p=12&fvj=0&vjs=3,Not Disclosed,
Software Engineer Intern (6 months),,,https://in.indeed.com/rc/clk?jk=cb1489ae71064ff2&bb=sUY40Gy2z3lx_nGHiCDc22AmXjzd_S6PY9MmaKwf6XANIOJa3RjQRiQku0kcusJFY_er2onBY5tO9xLelvPssHCJCHuUV0GsMWbo3dugnavyo5QcTGxsddNgBcdAOSGR8zZeuUl4DMIttec-Q4qTpg%3D%3D&xkcb=SoBk67M3s6xib3gYIj0GbzkdCdPP&fccid=05089dbaca95e549&vjs=3,Not Disclosed,
Software Engineer Intern,,,https://in.indeed.com/rc/clk?jk=cdfd6099d6a68669&bb=sUY40Gy2z3lx_nGHiCDc2yYAthquSkq0NnQ5xa9Lmh3uT2Bsh2O_9c4YestR0138XwZCUC2gPSQ9wJVNGnqGkkCMY_X891VA8CDPuBHkWIxpnWhMewdXF4qVtUkA8W8Tt1eDWA9T6MhxLMsbt2DJRg%3D%3D&xkcb=SoD567M3s6xib3gYIj0FbzkdCdPP&fccid=9e35787f589fa60f&vjs=3,Not Disclosed,
Python Developer,,,https://in.indeed.com/pagead/clk?mo=r&ad=-6NYlbfkN0BnfyTr7vaMJnAc10cwifMhGcneql4L-dtfEbDYEdVCRc0iW86Bx4RoL-mDE5QasRE3EFBj43FE1h1iniuaHJ_Cy7pDAd0sHdTmZJ3X5EC4LoHsE0-2jPA5S5YEpI3vTs5lbcI2YBlfRDzhJMkWYwPh96m0vMoH6LOgE2XYQVZf0000F5F3vT-kHHQvaNyZPk-HPtQP7EnyRpaXnGr4KSH7mSuF4dfoTEKOTA8nZBD-7Xa25DPGFWp2s4L9qR7d3r63S3RVyzBFRXOMD3BXv_J4N8abavWMBj03PVIX4P9zQ4EznmycnxnDjeuxQNxz33GFpvSDJHKMQdUZttfulYLJy5vzaIkn9G69C0J0aItumaf5Fv353TKvHF4vLCLtcmGbts0q1NE44qfw6YByLYmDxv4wCeSjIaqxKknGgu7M4KFbBok8qjMmCKGmgNvQANQx6r9ywAIYY2aamV7b1ehXXYu7Sy50tm2X0nYHlFfmiOtroG_2nZ5Ufv33B4E0HSifUcyDuKQ-NGs4q40Pg5RCFShOL0hznms9bMT_t_zvivVZDhFZW6FNb2Zxvd21HEFqD4nTarIyR5S2sLWyskPQfzbdRHnRvMX6qmgbvAm1SP8dxJQEfPfSthFj-Ljb9RNXcnZUVDusFH7j3a_7vSVlRwrDth4ZK3-mSeL6tm3jZKctF7cKIWTqg01RET4iglWRGcy82dL40ObqxakOcZruDRBCMC8_0M_lZqEb062kRUJ3gRbfUY-UHyqR9IhuTK-tGGJTDGTLxue3U4tyYVarr-bx7rlQvrmN8tf_Z5WWShyHwJ0SvHjzQmM1thk1RebDXxoqNamqWr1DTdXqIP6uLOhIlZzz7bleDFohDgqETSSNvnWSB2ElGMhyHpjQUHy59AhebDXo7WzVTo2gzUrRs46eLkf57-dITxquVtv8-wY-03gNjI6LQZmXogBpzFOSbQiYPFazXQR5rhhavMQAgoS-05ZLo4YT7j8yIo4r5ZC-vF03BAB0yRg1vrfuEwGZPzKaQCxKE9eUyXUlibmuZR6d2D-wuAb25gKmuCDM4-rVp4Kv_yhvX8D7l9dwhY2FM6MdGKfvoxCUl02xWlhh7IHG9M_-tfm1q-b-Z1sfv-th1XNCDFB8kaTcvxkYzCgbc289FU46vEEwnGP4-lOKlJz4KcH-jK_iQRfw0RXI48kMMVq9-5f8ZKrwM8EVpeG_1hR-xNBOJsQe8tJaybgH9YRQcUOarAfX9xacJcFsnMquGIruhUZXtWL0m6mzH-nXVr1q-Ncf4o5uA_ZT-eWxuddUtcKSghAinPN_OyjRpLoEitpbUkXtxfiyM51KKyBYkB5JSULge_dKF0cyxZQJthon1lonUO4=&xkcb=SoCD6_M3s6xgAfTC7J0LbzkdCdPP&camk=ethIe0s0heeNwsVjEBHMjQ==&p=0&fvj=0&vjs=3,Not Disclosed,
"Staff Software Developer, Machine Learning",,,https://in.indeed.com/pagead/clk?mo=r&ad=-6NYlbfkN0DYiNpiR09AQel2ZolSkcWhHZkxgm_-dyNMuTopqS3yHt3v-U_GfUx8mXYC2vfuviHcefp3O1ZQVo6mkpp4XpN0kkvgtEzllNkfNI-lSiyZ5u9Vvdq4DkX_nTa-i-HqAXFNDLRMUXvKTrGoGYk3dAGaYE1_t80KqOaKs6jyWs0U54D0Qjqv0uN-qWTnXJ3NTINAPzrYjEMAna9vnfV-fgkPEpvZOPcLL8DhAbUUOqCf1-aT3CW76-IGIkcdVkACrBPIIiLcwqBx3Rv7TATdk6IP4mLsojPS1t4fn1AKZ3jF2NEDc5ExzlByeV3KQ--8evhd3XmEGwpy6xjeJCvkGC376q5XAb4Xmk-88da3eO47U6tvpEXheZqmNiSr2Ca_Sf_vxFM2dW5T-HWcGPzQlUlwObRHKTtmbX_24ynZqXSZBTSMqq-WzBEkTu_G5FD_DCZ9yK9vVmv2LkqIcGC_cqkNZC_5maB_Z0hJEtp47A1GICpJdYyHlaP18NQFqZqI6BQ_KHCsJB88Ua3Zd_kW4VsMDHESON0W-nHB0SLGbBnk0IUC14Wa7hKuLFMluwTMuZO0lhyet9GkgUB-IzqQUMhUGuwokz3WxxqWAJDz8t3iJuZMazW1hYNUMf3OEu889xGOh6KiyYjeM3Ni-Z6mHrnvhEHvRMcHgMLu757k1rnQRwL7wgShgoZ6ghGvrf38n_v_73ffeoC-T82NjGvQi4CpFjhvv6NBdyM_bBSYhskQMnTzqsV9PjfWFQQ8gROw4lvha0PlEakyT5ISaAIiIY7hyturRWRJGfp9hEhbrty8N5wXs4T8IsgYYaj4jLHyXh-2sUdv5XaM4LO8BSDaDVKR1wN9nEXmuDhOqShwKA0NZJhzorpFIExNCKDlf8XL6blIT-Uo-pIR5PLm6Sf1zEs98QN41G4z3fNcWPyd6mpiMpVKzZpPnkED&xkcb=SoA36_M3s6xgAfTC7J0KbzkdCdPP&camk=ethIe0s0hed_e2xGIxiRyA==&p=1&fvj=0&vjs=3,Not Disclosed,
Software Principal Engineer,,,https://in.indeed.com/pagead/clk?mo=r&ad=-6NYlbfkN0AgWdHB-1Gn00exb8huEpxfx2g-_385e5PlrYs2PG9d-6EGCfQzQUrevtQHxzQlUO1payXRr-RZcCCFyBnM__mwLWgsVEyGzFiVqOpOzzWFPG8hlOYyKLxsvZ03pJIcRSdTPTGOnDXIMCRfjfTAkkFHElJXwBwV7S_zONPgTUc0B76DKPOjZS5c8aspeLKOV7nDYmF5wqeqXGxoTR_QA_estpcBhA1IuMWaGFWYYXm86ZKgRzUG19ZkalktAxBQxXU23j-Q_Qe1BnQG5P5ayaxjd3vJlPrbFxakjV_geZ-R4xw-Wmy9TlYQKl_TCYZfu8lMHUg6eYw9Cur8EmwZhix0Lt4Osxg_Bl3Ql41oVh5peQpRAPwCE4Z1lwzYAx0_CdaBauvTwVidhuZDCw4sYi5vivwE_aKadwYNHMUMqrDUbdtoqp-FxurapQThDofh7xQGYH7mGonZGuLp-vfi1DHxUj_LqfxPOmaAa3C9_7fstbeEmB6laQ0__T7cXCGIaF6YyKkoBW4--sfazRsNCVHJQX1Oe7RD9VbtiKWGXQ-JtNhUeI4M0ez5zPo8ssMPAtv_CPKBXrUEI7W7m9uCwd8m8pli4Qf14GXRAp8XeSpfOfKjvITgOKiEfR28LZKIn9RhGb0fN6_BKPG4OFiZoMeIcXpoNq4ptcxcScclqYQ9mmNZTZiwOiuX-rWIb_c_W_jn68xZ_g6J5a1KqqV9BU9tKuYZ4IOH3zcUaCZiX_FyjxfbuxfuHdo8dMD9X0Q71Tv6mvUqkL6r5R7TTEAqQcLM27TomKYo9gIsd8ohsTJPwOdNOynrzLwU&xkcb=SoCq6_M3s6xgAfTC7J0JbzkdCdPP&camk=4HOcmqOLYrAXg_Kyb3Kf9A==&p=2&fvj=0&vjs=3,Not Disclosed,
Software Principal Engineer,,,https://in.indeed.com/pagead/clk?mo=r&ad=-6NYlbfkN0AgWdHB-1Gn00exb8huEpxfx2g-_385e5PlrYs2PG9d-6EGCfQzQUrevtQHxzQlUO2oaxJODrTt6ObwBAYypFz1POSMm14yxzz5MJAMbwtNUJybmuufjTKNJguHl71ZYZGQ1HL2v70z9YdspdOOjvP92k37ua7fnTdzuvJT0Icv9eOt29aC5OB5zmkW9a2SfuSC2yETMCA8trzR2KTjS5c5tAiEIbmA_B9nNFb9OkMTo3VFULTGAOJOqP6Ya7yqi10Ur5UF_IOIr8tAmdjHPRaIXR_GgtAGDrQc8QEGrEOZ6fO73BjRf9Znq7WmSZYSNHugtjBFUppdR1delUFF6AJQwhk_yKZ8zUfH9ujpuu1HmPZPyAelK3qTX6Fj6VEJjyEZ9DTQ4Py6UsP0Q3Lmid40K2QPQId9-QInVD3qLquLmKyifv59_LIeIpoMwHhqdNzksHtSpiGBASjOa2jhihTc5hh5iqi4RDtp4aWeyThVcAZb3ocGZFFKPdRRfBydahhfYDsWMUBP_XiF-GpQEvnVMiUCgaokXUX0IM8HXDWeGtg8DlSuaPdYR5n74mhjG3OPzb9AXqfmCq60HPCVmUuZS5vDjDxri80E-bB5n6KnXgjfu351TG8AyYQSHpxisNpxednwQeiHL2XsUSY_op4YT4HWyObP8z4_2-fE_GHaeU7ss6zURkFSd3NZ0XtqbY8_O6xxZeRpy1AD0GUaVEMT-nnkfenvE0zXJpsOP8YW5s4hFYdu40vf3oY02ZMOMxjE0eIPg7iYZUTYMEk63YH7MZi2nqkQem35R1wQyWYn6K58aTKmSU6k&xkcb=SoAe6_M3s6xgAfTC7J0IbzkdCdPP&camk=4HOcmqOLYrAXg_Kyb3Kf9A==&p=3&fvj=0&vjs=3,Not Disclosed,
Test Driven Java Lead Developer Vice President,,,https://in.indeed.com/pagead/clk?mo=r&ad=-6NYlbfkN0B7UYL49yWBrrOlEWIsfJu1HwdoffaEv3MPqVgUrdyA2rAcZfAYGUZxEZ0KEeZmd18P-SZrrKA8oBg3ydhXGAaPPiLUpNYHZ-XqVfNARtUpzO2d1u7-QQATf_vkezCdkfL-zC3BrteVSyxyZETikYtD9zSiAABWjww5U0dAoutTvnkNuEDuV5rExWWzkP3aOaipOOd0eNde6Jyia7EYNnSnRfAL5bPkgWf2zDdd-F8BX5sLRMvN3uuBzDk9PMbpAmMABOyQWBIhPCkjo8_uNKxS8SJHFRiLGNyi4aZr29JamLidqKlDYSoiyIHmEdvesuxJkUw_IiNvIo8lStGWgBJNlltoxpW5ym-XbA7RpoXtVgBbRQOZFydV-CC5DTPDF-hz8yqUonulq8QqdXtWla97N54vemfwV3lJN_r5zza-t18BjVAZz8UTBmg-wMrTvrylOtndOBhAdhPR3MApBsR_rM3t5WjWE4ZKRqLpvkLOsRtySRBElGbDzKykQdMT5_0wVS5CS39aDR9ISfUQpVFoUQnMB4WcbK4S7bVxrPwcYbobujHT85m_CrxBXRI9haPArUBleCm56w20WuxjP5XcEV-ONpXLIzAGQQilCI-8OzjefD7O8wrBOAcxEAUgUX0HnyC2Uin2e1caAq5zk5gKMRaruFzYVr8gJ9I0R2CwoZ_ryKUwPe5wMAUvnQTSZT2eIPlmT8qfxl-FK1QyT97KsQbOIg1zrDIlp4HH55znwW2F0mYovK9ybYnA2qtbIadk75v4o5oWKMfRvIUPl6M0_wJmcv4vcK92uxoU89hAn8fhy__toH8P&xkcb=SoCQ6_M3s6xgAfTC7J0PbzkdCdPP&camk=UoKtGZLa3XL5jsvRJK3oEw==&p=4&fvj=0&vjs=3,Not Disclosed,
Global IT GenAI Software Engineer Director & Chapter Lead,,,https://in.indeed.com/pagead/clk?mo=r&ad=-6NYlbfkN0Ad1FFWZOsBBwBZDGouyCcICeLSd3pQct3wJ1q5dPO7JFVPHQCPeUZaOlKNfdBfC8smaereyk2fI4urZL1WB9vPNxcc8p7X70WzyFgHsusa-xUaAFcQEAbKqF9NEqavLRfcfAAu5hsmedlEhsIB8yu6aqdM3oLC_j_NAhaCGz39pF2p8d1TSEHwQ8CN0-rDatFZ04B7KAtBhMRpb-HOyhz7_5gGxQ-kyxCsfD0eeU-zq1E7N9VaQYD65Add7vYsGhWQ3NJOwX_Ty6OqUD3qOSniThAqGcsC2QaRmt-GIpYlBhCmxQ6PJH2xCJptqBAdilke4_ytvmUHjCNYVGadEVoImleiaCcCjryYzpIvGN4N0qXaYYx7MnYJFCtKjWwBuva9xFOi1k7C-AuBZEfxTolfZuraNRtb-ytPw7LIcKknne93VqRhvPJG_AHqetCASlKrPXfXsqscNvqI8NMiRUtgG1KplbmIONZgOm5maYlsfdyUwUCQaOLOFGR4gC_ayP-LMsr2Ha_dCIL9vWSXwCWwmfnXglC-oMkvS_v5srDafZ5BWptuahw1VOiZLP10rvb65XnunlqQM97fWo96BHfOL2yUyk2zvV-63AG97yJCaNgFtOFerbmOiXl3FeNi3Df5KjGId6I0GRF4B3jxzF93pLpWBWuopRMKiopGWGFc2m8R2m8c03rPtzkpFa7-NK5b1ZNI5EzZ8465XWClYV_A7OFK7-Uon8gg3wai4IbnNWNhZC5PNcje7pXUCRwuLPYBpmeJ3zaqTSObObf38EUoAwn6IJzv931JTeVYN193-ikmg3axA14l7gYmoDF7kDkE0_NQ5ARfJi8k3VEtxH4S8L7ix0NooZCHpXI_8B-vQAJ24uY8bYlGqOZPabD98DfRbXMGnllw8Aa6gyBuCCQiSXq5MYLxjj5aRKVxaLA2X3Ex8f60usD8V9xB4bsw4RO5lmwcOWmJNhI-Wj1md3-4G9bNcEyv6y4I6HOp1UtCoRDFMeRS-VGS0i3S-fMc2W9lpxCEHIuqAlbIgxCMxk6ccErSB4iAHym_AcCAASa8FuIgH5Gja98F-GZ2ia2qgxUytuaQ2Y7VHka13gylMHYk2-4LIbRktHAKq4eS0-eE_VLgkm9hUxoFCr3xjXXgCZ1Et8Xmork-eNlvA4JbF-YfZFMRrdtUpml5LBJ2uxx-qgpLPSUIqVtXVvp8YV1--i1bSSQZRgSxqRBCoWr8DxbtcYw-FYspPb2uTy2EHHDhXZM39DLb71RLP9YzcQCauvUG1tx0yx-YqFYAPQtcoEu5wlguXwJr4Ys0o3cC381lhIQXZhlw936lVhtPrlUjo3HaTjAp7Gf9TE3tlwG3fmUruXIpz5qwFsmhSyfuVyOg28Z4TLb2L6dB113d1503w5Et2T8zJw0HUeluHrvfGluNhItwSOgRTBbUO2VUIRVYu-tzi4wg4sI0AloVcNQtWH7rkaJ0kS3lJA==&xkcb=SoAk6_M3s6xgAfTC7J0ObzkdCdPP&camk=UoKtGZLa3XLjqxmMrGo-mw==&p=5&fvj=0&vjs=3,Not Disclosed,
Associate Software Engineer,,,https://in.indeed.com/rc/clk?jk=44da2d3f3c310b62&bb=_GCkmMRh_PcJKO2oVAPfvOG4U7HhsWj6KJMnxc5Y9tNSCXiHRisIoCBFyQT7tnsuMZoD5u6K6uidW9HrM98wZ7gg2P7SRHa96bBymV3F0eN2Hbkhqm93nFWTJzrxcRUQqhG5Zxt4zjzG9vd3YE6RIw%3D%3D&xkcb=SoBN67M3s6xgAfTC7J0NbzkdCdPP&fccid=ab01bc656aa03bc7&cmp=Camelq-software-solutions-private-limited-company&ti=Software+Engineer&vjs=3,Not Disclosed,
Software Developer,,,https://in.indeed.com/rc/clk?jk=76182deb1d135822&bb=_GCkmMRh_PcJKO2oVAPfvM4PArBu-kHgZsrIaJpzz_Ppl2k2Ey8CVGL37QwmE4_zQgESebWIb0Gn-a6L83MjRIUE_qTx3XNhIMj6oLDtxeL-evOXuLwIblm5JuAMGx7gFIAxFy6Nh4UTLv-fMDALDQ%3D%3D&xkcb=SoD567M3s6xgAfTC7J0MbzkdCdPP&fccid=cd22d01053af7669&vjs=3,Not Disclosed,
Software Engineer 3 (Simpleview),,,https://in.indeed.com/rc/clk?jk=79b032c0db82a342&bb=_GCkmMRh_PcJKO2oVAPfvN1_Ut8uBbwy5URc5C7NLMaw5Kwwn99eNeTwaCGMCZJHlX63Jagy0FqwAjzuHy4AWuEuN88R72bSTiTF2bHyvT0Ag99znkCHJPBcwDypz89xubUrnR5WCQ3M6xglE_-VDA%3D%3D&xkcb=SoAQ67M3s6xgAfTC7J0DbzkdCdPP&fccid=c31d0b907c5aed14&vjs=3,Not Disclosed,
Software Engineer 4,,,https://in.indeed.com/rc/clk?jk=6828bb1e0b64635d&bb=_GCkmMRh_PcJKO2oVAPfvK-2jjB-EPR_ZIyoKtKqXKlJ5wOYNsWy7JjC6OikXLH6fcbSBKFss6Y9LKRKhXhF5XFzLkBnNrdB6lYHLrjrxsnjHqm06olzm8spEZXr4-2Ddev7rbhRSXpwBblKqv3nPg%3D%3D&xkcb=SoCk67M3s6xgAfTC7J0CbzkdCdPP&fccid=c31d0b907c5aed14&vjs=3,Not Disclosed,
Junior Python Backend Engineer,,,https://in.indeed.com/rc/clk?jk=a5e7862b0f1990d6&bb=_GCkmMRh_PcJKO2oVAPfvEQ2-uQfe35t3EGHBdtoCMFDEQNLm6-XFn8PZoj9Np0KEx9hi3mLYjtSP2YfTCDggshVLPEmFpx2k9RWY8WlzuIXhPyRoljJ7lYm_xjWFbBT-XWMcjkwZRAl2_zB4olmyA%3D%3D&xkcb=SoA567M3s6xgAfTC7J0BbzkdCdPP&fccid=962864e61d375fd0&cmp=Logits-India-Pvt-Ltd&ti=Junior+Python+Developer&vjs=3,Not Disclosed,
Project Manager & Full Stack Developers,,,https://in.indeed.com/pagead/clk?mo=r&ad=-6NYlbfkN0CJJcd4ZaqlBmO0NPx58X_1iN-cuKV8REme0JwhZ3tvSt27B6VSfsJJ6SwBOO90zyeKq84kKnfCsaMCyWeNsqKMEZp32Xk45JmRNkFwHShFifduST0DAC2g_ZwgLLLg4qiML6OQTcPaPfFQkvENv77svwiG2XFbGMB9UtDdw7nBwfZii-F1wDqgM8GTAjAO7L0UePSBfWqmRfUn5Wa-ZJmqmXH02Dp_ZcUOhqaOuBjlS7Kc_jw7FTKJ8wt52z7AMYixPnlB6KWppX5HMFB1BZk6Z1DdZ6b_-UD0fV4kkCAvjGBwus9RaKeFG-JEFrOYGmaZycv_8mJcZYMDy8wyeAbPQafC9tt2NJhcP0dkWVyPqjifvyWTFtSiUH-C_Qp9SPcHgTMTJyQyOFuK6i6tR47tG52H9T6kmq7wiSc6W_slgRhep0_WuhBXdOB074US_q96pmYAx16H0d2fnoneuDyD5Is4Hqkin7SquuJtR5Lrf-jOJ2xIsI16lHRRBsP-wA85h7TAbgFm2Kjvhcxh7A5GdhvOF7dxJi4ZmFQo6OytIVlK8x9_vM_CjQXZHf5HUN2AXcugknKmyBSfdRCKHKe5tf5A-_xghAK2mguZQFmeDtnhjmG9TgozBonAFlpTFV_4OtPEvF3P0rgDeSUnE2KKFE2ZLUU_XTYEt8U5MwsAj1XNLHjsp__j&xkcb=SoB56_M3s6xgAfTC7J0AbzkdCdPP&camk=CPChkbYSGj8TuWQRVXVdoQ==&p=11&fvj=0&vjs=3,Not Disclosed,
Software Engineer,,,https://in.indeed.com/rc/clk?jk=7086283fcc87d8b1&bb=_GCkmMRh_PcJKO2oVAPfvEFTJ770B_1IxEw79z9fUjVkKJPwstntgsGvIbOZEveIkrOg3Z7jK_K4YY7frV5LXugS1OSDduKkqNiZS11Q0-sMsFkmvyUpuEicgnsNEnOl0529OgTOx23tDvitooLrvw%3D%3D&xkcb=SoAD67M3s6xgAfTC7J0HbzkdCdPP&fccid=2a54bdf5cef0b426&cmp=openDr-Business-Services-Pvt.-Ltd.&ti=Software+Engineer&vjs=3,Not Disclosed,
Software Engineer,,,https://in.indeed.com/viewjob?jk=cdef0123456789ab,Not Disclosed,
Sr Staff Engineer Software,,,https://in.indeed.com/pagead/clk?mo=r&ad=-6NYlbfkN0ADUYPtykxb2TmZHRvXO1qPeHFSipF4gwfpYnaEu02hfCsNa3ex8vn0Dwpib6ei26uxvPY70kcTdOTpbmdEraQyplWdZZTHOAuKrx17IO1i1IF-LaxBsOpJ4UJR8nxgbIxuLeOW7Qb4SWH8xJgwi5EHDxlRiWvegeli65rR85G9_v3GWEpIZU3Uj-4jw0uPzH1cVb-v4K69emPWBiQ7J35-V0wtIJVcWTAIxOot170hKh3jGr1NE5qom5SAN7LBMUwTwEcVo-iMG2ptZywjrARfyCErgkWlOLujOkY2bmZZ7Ow6XW05h5g8AVX4RXBu1IpbPM2uDVzKD_SAKfT0sid9KNi2RVA4jbGBgpscd7m5OHy-V4HsVJ40r3_r2J3mXKFIncGMNhMGbaHbvkb7_QWUAHDyx09BqrqvGqEN6gPbQ7R7qjzoNMdEnfvbBSyHMndPQwfqMbY44HWFOU64JrH4-Vr1UDbPRcN2A_3kdDZKyivWuu3pw44utOPUlM66UrsT38GRRElMEbqJyHjVWurLOLWVRoGd8FNdIX1OfVsju1_DUT88Q6tXtYTPpCP_GanX0ikyCP1U_TT09TCMpO7ayxV90iYZMlCrbLDkHUitFUNU1PsZR5MsPDPBLbeTi5Q=&xkcb=SoBD6_M3s6xgAfTC7J0GbzkdCdPP&camk=UoKtGZLa3XIoHpL3Y560DA==&p=13&fvj=0&vjs=3,Not Disclosed,
"Senior Software Engineer (Go/Golang, Python & DevOps)",,,https://in.indeed.com/pagead/clk?mo=r&ad=-6NYlbfkN0DUIUKNmkO9eplQBWgjWtyZTeBIvNV_K-f7eYqnE-qDJzVhEEznSWUP-a5vjgBTtln7Lsd_UIs4QBJ3HCAXNXllHyDYbuiLOPx_5rQhDSPMROVF1ftsNOrxTJvW6BRmpoP2cAqb7wHG8ZFGOQRdvavdEnZXzsdGQl0ZhYQKzehzC_SGz8iZx24oci1j1djNWIYLCaSg-ZFj59gZG0xY7d0UZW7TXi9M3NRnz05mhMseWWV6yfuAh4ZCR2aHyrmPZZvDTYHWFMn2DEClMwdVCUKrvcGNSJIezLE5AAJzUAxiHigGQjoI6XLDOJzABZ0tEwUraSi3p1T1L8-QrGxHK9vjwthzJ9OH9Kmf-dIPPlhhMRKRlyukObcec-la5lYRw_TQ-7IL9PkecII96R717__HulojpG5Fbw6vQwSMna2iYkoHWLFixT8j8w-25hvVT8l4B4puWx3K--ZhkGVMAeQfIghFN2bdZOftelX4_JU4vxT_4ZywqNndI2BtjXao9uQ0KwgajjdlQi8WhNodQ0-PQGdfLni2Zl6xHn4XY4q4KSVNnYWy2L-129zVTTcfTWqPmFaJ9sM-NFd94_Vls9xdH0fleEDyWdtA7cH-NGNueLemjo7b8ycq9QTDFdh9_CDhhT1ymk5USI5OmysoH_r0k0SDnR22yGsLshf8PEOx7qGCAw--Zb_F0I8sP2W-C9MP5csxdzsp9f0ai24MGmPRZpKU-FJO4fMXhP40Ozz8hBkJHB-LTDtBvjjino5lAi9gY4l1wQ-b9uWcF-O8syB7UeHSQih9YTyl-LigZ7pplViKnPcgfWf8&xkcb=SoDe6_M3s6xgAfTC7J0FbzkdCdPP&camk=nUmJqO2E8rhDxZhGITCM9Q==&p=14&fvj=0&vjs=3,Not Disclosed,
Senior Software Engineer - Java backend with DevOps,,,https://in.indeed.com/pagead/clk?mo=r&ad=-6NYlbfkN0BWpgndjYL01xMr26yTqLCDFb3b3BUdaEwmMV3w6lpNxfdb7iEvGm0gmfmM0o9B9H8Jx-x-GJAoxVJb0dzCxXxvFMcHZPgrSl7ssNYsJbwjnXHyd84VVXKu37v8YOp03mf3wVCGpgUgmGOgRlavlISMc5OqFIgOOexlXb7cWpzc6kvsNN1vJTz7UxF8-Kt7TUZyih69ugCjlJX7NknwdOf9w3pqFbGzqtd2hid2ezVwcReCK_FJnys2LyVKmVyawq00kkJAhi-IcQStc1PAbpyyQorC9LBtu4IS4QEW39mZNvuYU1LYed3HhN-iCW7wbD_4BnAY6s_tcuf0id0ZS1KcnzyrDcq9pOw0LYwgsorj3jGn21qxFZV175hmwJwdJyaiGv-sfP-QrxlW0AWNu9KO_TvLnSQbuX4zXKh6DYnX1roC0iz-Df_E6K_-3eH-Z51iitrc0guKweZxsUbJFJHtDNW2e0Iflgm_qXadwAEMiMPW8CU4xLj0-J6-eDdnb30Ro9xCAffQMK8urhnM_AdbGDoOxqZT26Pd8jt50wknjL7KSpOEsOoHg_1R8UFei148Z1kNhVj1vfnNa47zCqTq-Eqgtxu8b4vcX6ecjh2f0YALCoVLTNYcddIBKlHUS6cab1f9IrQ7EHHdcmROSsh4Raya5rpfmDxaaEhnUya3yzdOKAg6W5comFw_3hVGSD_y16f7mbV1HwUJAaKjrs91Cg_MztOkdBinrw9kQTUo7mJX6uN8nG9EXS_ax0TPiKvrGCQxovbpS9iiIsXA-yGsAek0UjOi9ddCRxCLgxoJ5El7l-FMI2pR&xkcb=SoDE6_M3s6x936TBB50LbzkdCdPP&camk=ethIe0s0hed5mhSVDYdqwA==&p=0&fvj=0&vjs=3,Not Disclosed,
Staff Java Engineer (Apache Ecosystem),,,https://in.indeed.com/pagead/clk?mo=r&ad=-6NYlbfkN0BfEGkshao4EhrCCf7LYqKO8VNtf9vkQrewuI3DmTR_-BF3X4d0fss2uYN05nDILKgkhCFPOG7ukzTeFGdyk_bYGKelMnRx0ooUQEN07KSWiimxVj0spedsBdyagCJVhmuZnYq5LwWA33gdL2w6l9VuHQkC_QY9FnCSluCPIF3_LDnpUb3cH_fVO4b4U90gMrrCnmyyh1J6d0OqYdsI0ZI_9_4P28Usw1t_JaaWYspNcS4dESDO_PD6065Uwo4fwzDV1EmUt6jiWxso0u4KRxIIB3GnG_3bY0Pn7tvzQRM-SYAeQUvzQqRpeNzu54DzvIeQv4vNDDqr4XdIT5LMwY4tRk751EBGiHitQXQDAg8u_Me8oclzmOv1mdJJKTlb5rqzxaWqlImrYdz_loCapnEZTJ1UiBTKl1gLBlOEQdnylBq3mCM_Tbg9KtKmDZSkwtMmU4SNfCJqR0DSOkoYmW8BwSQe6EfG0Xu5l6bUoHsFiAPotUc4XX4pLkHzbAj9UXN67j2oY_8M5ynuEgHTWUFuVPaCeHqiKnyP4U8abB78CTvzIYBJQ0GOY346rvHsaofj6qgkvr9iuLwmHFOpbtDplOUCHxy7fanAmFxx2Mi3IWmZSan_2kjmAwABU65L10F3mnqfPoBOX5feCDN-I7HSQe9513Gi1sRGliVW5KObpWhSnZkeaxyoypDH_nI4QObSZp3kAnH1ValqK_Jq9Ir3qfLIgJUCWbc=&xkcb=SoBw6_M3s6x936TBB50KbzkdCdPP&camk=UoKtGZLa3XK6z51uPDj0iw==&p=1&fvj=0&vjs=3,Not Disclosed,
"Software Developer 2, Algorithms",,,https://in.indeed.com/pagead/clk?mo=r&ad=-6NYlbfkN0DYiNpiR09AQel2ZolSkcWhHZkxgm_-dyNMuTopqS3yHt3v-U_GfUx8mXYC2vfuviFzi0XGeb2PxdvLl-tu4ATNjGnnYxo3cT74aZVNEp7oCIhPm1TWL5bh-8mZTXMXax1zUWilBk9JCeDmJZdyQb6R-TD5pSHXDlBYtQYG31Atc8ZYJRxQLqIckPNohKtnQzSomO2lXbooMtSOqcOPrbM6KymtpjYD_COHkE8Dr1r6Qg0OM0E9RH-rTKLu6z136Q1NgwzNriD6UaJrV1sJIbnihUApz3DF4x4kwqT_uET64SFzuEhzlWl2ArjA4yHE3GP_5m9Wm1xdHGy5KG-u_Zk1_N0yn4BidWWsCD7u352a1orj2PNb6hn2HSFodi9iki3npFvr7sF0Z9deRRERMhY1AhkUogK-mn21jEkcWfk_or92-PbTjKJ3kUTZs2Zfqidnb0fQLWI267vis4YAy6PfRv50_6vpqBQGa5ArC8-l7aQctOmuY3l9CWiMilJ1_F5VY-B5FXjJQ_6LCQlOh3HmKWFKrNyuAmVZzJdU-8vM6WBFOCIvTS_g4N-_LCyibvUBIO1EEUQ8gRPXgSbzzKwMb9lQGOCwlQ2DRo6bn7FdKuvOCj4fvYm5hCPjhUQrjvGnFvjKaiHCbQlSG11SynC3vwVQg9F2f2epS5TSoTNB_5_yqsspqOde2BKe8jp26dZqnmnpFW6upSO7vj68kCP4mDQiJRDFP3cN2uHDyXOTvFLZR8NSolsvEp0DwyDDfuxV8SWBy0M0gm9FapdfYSyv8Ex45cS6M_cnxKpKKXLEAAPAtPhFKIhcNBPn33do-4q_JhxKbI0kiUuD2h6NmYZBePXyG0VA0x-2RoqL9Zv7ShFw_abA6P8LsLZoisrLno00s-V9UPviLHs8fGJXYGLAs1VUG0oNmqOt7_K2iJp6ZJYfHtqQr_mo&xkcb=SoDt6_M3s6x936TBB50JbzkdCdPP&camk=ethIe0s0hed_e2xGIxiRyA==&p=2&fvj=0&vjs=3,Not Disclosed,
"Software Developer 2, Algorithms",,,https://in.indeed.com/viewjob?jk=0f1e2d3c4b5a6978,Not Disclosed,
(.NET) Back-end Engineer,,,https://in.indeed.com/pagead/clk?mo=r&ad=-6NYlbfkN0BmBivckoKIwb-7nkAIiT2NR1int7Qkje2fhghJUHqGcHCaPNl27bgXbukWYQ8-PLWBPPV5oxobWv5_5tb67kXC4Svcmsg5-74GV3JGQfsrIVfAhEg2nBFB_iGOU-6NZt3AotfySwj5gZjJ0QbjfsTWc3qzNfSqPMH-zR_XA6_Z68idWkiNcaiK0JzqyPtgnW7CVaYHul0MHiXKT4EU-tROnVfhCoqbcd0DkpjBDS133Vlq-cWwZOjyTDHSVdDsXFDm8hfTOd5A9sl9YvNsELmLWh64DwrBzvU78McoRgLrkmk-YaMH2a_lgTwGiAKYRjoJJKZ97U4bMnbSp4y-r_nTgZJyLCMPimf48A3UHGCCIvC9LYpmhJop4tqbThAp4SoDa2fgQYr0Xy0bVOiezVgYM2ianPPOg9FZsm_881koeG-s88YJPQqnMGy5kRlKUll7IOAP3E1m5lagOtNT_FYB71VSi2SGIHL900gcrdyA2OC_klz03gZLn5SFD19mEup_nv_rzoYpiimDlk9-ygMZkJowrFTBZRNLf3hpb2LJOzVb-2prli0FnckPnmymX4i0mB_aMVdCc3feH6L3X-gaMKva5TZaqnKl_T3vkYRd728C6jlahlA_5rK7k1B0IibjTES5XZdG2W9vFIZYoGCNA05IK_2sXGjKrQtNjlvNuTvkbL2TqWgIBIH-bFW4n36PUxK2wKkMdN4dsd8UZsULJGZGwc5CdfBdkD3uQrIhCWi7kT6dqV7b8qsP1fZjVligjbYKb2ch4sfd3tZ-tVyV0XAZn9HzGL3XezI19fjjAvNg2p8hpzTj&xkcb=SoBZ6_M3s6x936TBB50IbzkdCdPP&camk=UoKtGZLa3XKn9ZTSjUhbKw==&p=3&fvj=0&vjs=3,Not Disclosed,
Senior Software Engineer II,,,https://in.indeed.com/pagead/clk?mo=r&ad=-6NYlbfkN0BWpgndjYL01xMr26yTqLCDFb3b3BUdaEwmMV3w6lpNxfdb7iEvGm0gmfmM0o9B9H8Jx-x-GJAoxeLmFrHKVxNUBhnAR8NPux-sEGs5mqmk7qRXx0_YZ3WriV9n7mg-X7Sn2N_yeh4jECYx0kDRENN74bvrTtN1QEPRuqlgnMgUGlAyxXbUdKHZo8W2ZvFcm-ENt4XwzCGDw4SZETHVveA-aekM-eL9ZDhlzgmLhibeBRkBbfoLXOi1An4JxBLSPUx-w6_eG0iw7u22ZeZ0i0T9xXbC_M8PbaFgqnE0mVApc9X7ICm6ywY1D00gspZbNY33bfgACkGXh8ZwYIXk9PdY02XrvDfheFyaWXbDrwVrvyVaxlUGFltuObuBS--sU_0aeLVTLE5VwIlCZnd8yzo8q51ipLJWurZmuKtaMYCds-LICkLg1AwOO2M7iMbgSGTJPw7gnwl-Rd2Aa1Q1xfLSHgZ8w4OSAzsw3_Dxm9Jb6JjKFTqtr72wg5JGS-hGDbsg8zOzKycgfWMzaRhQzmpjUpnDuYVZYCqdu4l5Cq2QikXQL0uz5W6EJMDM9uSxuwc_ER5yigfloV2IcbTeppmEp2-uRFlsSZhhukAYsxc9x8YZpbFtaoBFkTu2TsE7lGxebaFl2iqI6oEeMP-0hM_z86pcx9Bd4Bqu8fLa6HNQ7C1tyDipQr9ydVaFu1pFDZoly-oBKFOB9AR1KKf_jHUfWoo8cD4rk8tFe9ilwO9Lu3Lqq59uQx8ogJTwiGIvjFJT_srxFRJt2WxxrKewA5Y7a3fLvLZv6BbVKWUXRLkkJw==&xkcb=SoDX6_M3s6x936TBB50PbzkdCdPP&camk=ethIe0s0hed5mhSVDYdqwA==&p=4&fvj=0&vjs=3,Not Disclosed,
Software Developer,,,https://in.indeed.com/rc/clk?jk=4363822fbbdd12cf&bb=FP3KDqc2syxK5ibykuUhioNOsUJ14VjreBoZbaSK5KguqyEMpYNYdHcGcSNvQAoxxHxPUD77ZIShPwxuOml0NhbuHq8d-jzqR8M2rHc3zM8x5PG2i0QR-k-b6TBo2jHP1Av_evgxnX3V0Dk9lgvKWw%3D%3D&xkcb=SoCX67M3s6x936TBB50ObzkdCdPP&fccid=05af97f5929a2041&cmp=Theosys-Infotech-Pvt-Ltd&ti=Software+Engineer&vjs=3,Not Disclosed,
Software Engineer (Intern),,,https://in.indeed.com/rc/clk?jk=199d92b5211b90b7&bb=FP3KDqc2syxK5ibykuUhim612ALVfyOyFBqxW3hxPQ5G-PMn96MrDaEFLdxs0Edkb-_8LYo1Kxkt8RDoTGZXp8jAfe-amaPmOhKUP5r74OHaTJMMt2ZDu0Hqy77p6ZG4kfpOgp3WuxL2_VNqnxc0dQ%3D%3D&xkcb=SoAK67M3s6x936TBB50NbzkdCdPP&fccid=3db2e5716ffa5965&vjs=3,Not Disclosed,
Entry Level Software Engineer,,,https://in.indeed.com/rc/clk?jk=efeb7f0045e9ff25&bb=FP3KDqc2syxK5ibykuUhihJxt-C6wH54Nyl9oNIaNXQz7xYQrZ7sX-vy1u3ntdz8ENWTSWPUV9B1xnqXTZ_BPkpnWTGVFg5SiDMjg9ZK0YIJr0yLJJqeRO31aFe6l-u11IGT3lV6Ji7X40WMHNJ5gQ%3D%3D&xkcb=SoC-67M3s6x936TBB50MbzkdCdPP&fccid=3c78ba4474d9db82&vjs=3,Not Disclosed,
Software Development Engineer (SDE) Intern,,,https://in.indeed.com/rc/clk?jk=223e23858ae74a59&bb=FP3KDqc2syxK5ibykuUhiqMhmGwwLOtOxkAfU1LFTGIBQkXO5M-rPZjosymaV2dHjJ3Sv27-Wv_fMb26vLoIPO8vncWWlQRdwJ9NxLHDHC1S2GBmPXfaUkg3pcQJp5XCOWTanAwkjFaB7ZjZLFtCHQ%3D%3D&xkcb=SoBX67M3s6x936TBB50DbzkdCdPP&fccid=0009c292f87e1aff&vjs=3,Not Disclosed,
"Lead Software Engineer, ITC",,,https://in.indeed.com/pagead/clk?mo=r&ad=-6NYlbfkN0CLAFIAocNJ4Wfrhm82ciahvtobYpoaf72Vrs-CtZeLT-trEu8EEwIc6NSOQ8Op6QLRv0Ggxd2IFRDEBCJ-fQTIdJmVmqwA19gFTuiPFLfjLwEsM69ionpugYOOqxa_0j6blpa5GrqZVm3fqFnpXPXhOjzwKRv-CAa7X0YgWktByliVgChCwyOxjLkQB26fU8kA--rXgbq_-PEha4yJj_ZgaVtDBrptiNZfouqbbfAm05mdYz8BrjDCCm65ihpco3eo-orasihRUxTbAaUrjrZ8Zk96Wnko_LT0mNaf1XVgl7sUl7seLmPuINAIQmvot94Zu0-drW7tXn8_WTGhs1zprdFhnQuqkL1zCJsseGtG4ysrTwCu_vx2h4_rcNYU18sFMS_u8cFd_xkbkvx46eWvpNzfdkqf-9GUOF9uS5hexU7UYrCPVPdof2PVsJpq3ppz3_nYSoVStjg-vYSnUicyKS8MGSlbnn_zb5dGveGS6Xv936VPVoSFLRw79ybzcKqVptT8ANzw5MMZMkET6YNIxjT_ucemb6HkLNnyngPTtlrPHFTFROXf0pNZkdufJ9706EIPjnD-l-FB4at_KNRJvnrYwghfr7UEyqVJexrJeFEpoz_otFLfplZr6xqvo5t0-XKBo9iaI-zBGLGj57nFInQ1DPVJa0k=&xkcb=SoAX6_M3s6x936TBB50CbzkdCdPP&camk=UoKtGZLa3XIgFQ6tX0JIkQ==&p=9&fvj=0&vjs=3,Not Disclosed,
Software Development Engineer (Backend),,,https://in.indeed.com/rc/clk?jk=64ffb95a95e3760b&bb=FP3KDqc2syxK5ibykuUhimp_u7qrLK6kddjplcpUpPX3SEhvaCh7byWRDV8WYP11nh4l1ycrIGKV2BjidoVLL4dwz7bqWZ35geEbsA961Oe276TjSOWVJNd01EdYnscT8xz3QChuXlAgN8AyxiblAQ%3D%3D&xkcb=SoB-67M3s6x936TBB50BbzkdCdPP&fccid=76d59243bb56213a&cmp=Codash-Solutions&ti=Software+Engineer&vjs=3,Not Disclosed,
Software Engineer 3,,,https://in.indeed.com/rc/clk?jk=d5670ec9216dc700&bb=FP3KDqc2syxK5ibykuUhiqt_pSivNXLgSPxdZXsk33acrOZLTSeEysIdFC_Sp5cFpgVmutUPvpvOI1TvPEXZEacYKAqu9Oan5R9xdc5ahvmCAAREZM1LvYTqf-5lGbAALdO8A-4X_QP4U_nbacOEpw%3D%3D&xkcb=SoDK67M3s6x936TBB50AbzkdCdPP&fccid=c31d0b907c5aed14&vjs=3,Not Disclosed,
Software Developer,,,https://in.indeed.com/rc/clk?jk=24e0d0f2e387aca3&bb=FP3KDqc2syxK5ibykuUhikC5Fll4SLSFqV_JQbpZXZBkxZWTn8F6LeFBG-HxmSsMtM7eMVMjB5G4DqJLpbkBN8Sn7CtcDNWKkMl8fdiy5ipWa1RntlxWJZ3V5RfZfDZf5vzq1pTzGKRGDJoLbUnw0Bq01rdGWe_6&xkcb=SoBE67M3s6x936TBB50HbzkdCdPP&fccid=07be1646f0282073&cmp=Vanmat-Technologies-Pvt.-Ltd.&ti=Software+Engineer&vjs=3,Not Disclosed,
Associate Software Engineer,,,https://in.indeed.com/rc/clk?jk=603d6f48c5b51a0c&bb=FP3KDqc2syxK5ibykuUhilQXfdS1qVoqEWpOrO8fMaDPTdNYyKtaphdzYGsL3hCeoClnIdzhHnHvYjP5dzm87SLZ2eI0nxrMQfGsjNhXZEYJaNN-Q7aGkKzl7Nfdsh-GkH9sn0UIrlt5JTla561iqQ%3D%3D&xkcb=SoDw67M3s6x936TBB50GbzkdCdPP&fccid=7bf8967d1b2153d7&cmp=Crest-climber-software-solution-pvt-ltd&ti=Software+Engineer&vjs=3,Not Disclosed,
Software engineer,,,https://in.indeed.com/pagead/clk?mo=r&ad=-6NYlbfkN0AJuMufQUticbCEoYTKm6Qi4JXfmZ22JgbUMD2ChcmVNK_btDYk7qbIrOFLNLEfdYqxjT7l_6ydWrguY6feOtPg0Afe0wc_c0LGhJ3CZU899MN-cObkb5_SyoVKF6JXQ7AF_osdf72LlOh-qexGGMODv2jEQ7V2axxj_Q6Yn23uWibjN-_vyHXhQSFrXmpqhfPyWSnHf935Jt-AUTwxkiot0xWEocCxUOXjHJXdpJOVabSCEa_WcQaEZh7BJkZTgJWRy4JYB3kJEGxY1xOSbrjvxv9B48VevryR-riOwQ1jbPb0fE0llYCqBNe9yj-72DWZMYMUzzh8zy97ZpTTMa_frrS-LVGEbYVB1jE8ZD9KQ95pX9YbeopPe2gJf23A7x9JAQXVQVsrIoey4U2FVRWTZnj3xVGSRYCfiqP_YE1HEF6hXeJ0UWq44raSJVrygttvPd1yhR-89b4plvJqt1ifKVC64PBSoszEiE9bDzG9aTo_zT7_kntrtR5LaWivumQpNV--qL9I-oFDzM3MaWLgLtr5sBUONbr155e-q-h58eaC3n07q0iZttFJQ8qC5UzUGsSg6e_muZ8OFX5EUFyr2DSpL78DYu5mhHiXcOGQxKtXjqd8cZcyX3ju3WFpFkGxsLVfEn-mb9BLShL6Sz4AoQOOm51J6l8=&xkcb=SoCZ6_M3s6x936TBB50FbzkdCdPP&camk=f416UQcMBpACaTafcU4uRg==&p=14&fvj=0&vjs=3,Not Disclosed,
