Job Title,Company Name,Location,Job Link,Experience Required (Years)
Software Engineer - React Native,PropertyGuru Pte Ltd,"Bengaluru, Karnataka",https://in.indeed.com/pagead/clk?mo=r&ad=-6NYlbfkN0CfPb-r9wcEp2JlxXs2-BSowyVVfn_KGqISaMG1d9DwmfqlHGqFpwuPibf_xVGXKM7W_YEkpLWBYMazk4qLP1RGE6TGjhgWAE24xNekuwW8HL7sax3uq7dZuVpaO_fj8bRmJCLW71qGImCsV756Zc2ZQ80SLajsTUH60rcMcDDwwxjFmIF6eseQ4Vobg-PVC2fnDJUkogMUP4JmM6r6KkDlsctcMYwi2JWlkyj8pLT70i0t3psSWB8iZOyv6uIRy1kSOA4wV3BBo76slr0aU-usOb_9IGHBC3XtnTCFOvZjR1_-RgssUfs45HmSv1tT5RonuxwmBgXKRR1wdLFll5g5oMKYgbhLLJC0ZNa-nkh7m8H0PDEkj6-x-Dsir4Epvcn8nvAc8dfqQj4Fo6e796tAGYM3XpeI5Kz3DmHFO5Eg_KI71v0KH58ayUH9TvWwhF5nA7hIzZuQGN5Eci95p07rC4T3cpSTY5eEOkwAu4t0LPGqpBpV6GOAd4X9NPQ9x-azaLdT7dRPj3b6d_2NjdFaLNXUAShxUJzLlxzZc102QwZfeG0h9ER36UMMgDMH2MZYmdS7ku9pfi42npIte5dqVudPbvXyguzccreatVZdo8B-DTCcNvZJeuvoGGTHKnCjnwFOT_DivtaJ1ePKwJQSLtVCKHRz_24laQr6nBYZ1XmvNB6rQlvPEEcJ0_VavJwWfrGFheeYfcn7a9-I7-3amluZrVROqRr0WdMdC618hkGrT2SAS08_mZXRHahi9vo=&xkcb=SoBr6_M3so_E3KT5RZ0JbzkdCdPP&camk=nUmJqO2E8rg0Q3riNrmcLg==&p=2&fvj=0&vjs=3,32
"End Point Engineer (Intune experience required)- Hyderabad, Hybrid",Syneos - Clinical and Corporate - Prod,"Madhapur, Hyderabad, Telangana",https://in.indeed.com/pagead/clk?mo=r&ad=-6NYlbfkN0CgLV01otWyadW_0bbvTXVl61lGcm0U3Pj_PD6e5_oZlM96e3tjjDMYk7_MBPorD-pTSJ3_Ul1RQbqw1bJGaA6Wa1zAr7-BqkJrcKmAjG-O-3fxcdBnAOdNYTYoBEcxhqhMFU1v7fbhfjIarx22Ry-uwDNWl2ZiuZzKYFQu25CZc_Gt2tMOo81_lotCUjmVNuJcNpb4JzNjuLfrs3sNJJX3b_vaRLp148LmsunywTvKV0szAsmsMtj-BI3uNEAo1uFspvwb4fduH_SyqvYYFfiTm8QxW7E5VleZBsnvqYXAisEGXjfF8P8I5E-dqPudWfOvSlHx52JaSYHhun8cXytKvOQIvx8ny1QF0mCY-GTcYkOyz-ebxDIMlr2okElle0FzyOBVgDuy81cDvBd_sofzvq6no6fkRubkwre4OT42bUXQdflBPjrspwcozZR9o4xDtPNW4AQgmZgicniavgi8AA3BOvvk_u-Zetmdz6gSkpuNaAN_aSxvjIvtb0oW7UFxJ1kHEuDYYIp382SgNcHDASz4L8ngzzGZ-yT2xGwHbwase6xREGGU3TRxRthKmx7eEXXJI3heo_dUx9PaLkgZCgRc17-IwCBePI3C9DOd5rWldjV2K168x83coSC62ukMSBG7Hc_U30GJJyuBkX0UJjv_O6F2hGiEzi8LAMMII5TQ5-axK5Iaamf6tAhnxG1DwKl7yg4L5_tBWMO9kpahgZL-Nk592LyohR0TlBeZkD_kamWFJZYu-AwWHQc23Q75XuQLb13WopS7_WKkcRX0rKG3g5wQay8bY20llTt4qA65TCe6cKpgrc_s6QfRGNnhjB8aQaYadsFup1KVZeG83-JKOidpgq1QhoS32cgKUPrUMV_hf4S20vvyYvwFmTRpjxqdQ_rTj1ODaW0FqaKELEe5bly5VI2FPFc3owmmLw6KosN49j19qJbWsrRfnBJQuur8U2HJcHXcjlNCTCWIzgQR0xKaP8xgsH7p4iVqbPBvABVQSBpyqlLYvLIl8ZOJ2nbLBD-JZ0qmZ9Y1p_dg&xkcb=SoCD6_M3so-44TT5RZ0LbzkdCdPP&camk=UoKtGZLa3XI6jD3_wO5H4A==&p=0&fvj=0&vjs=3,29
Software Engineer- Intern,100MS,"Bengaluru, Karnataka",https://in.indeed.com/rc/clk?jk=bbccf49623985e11&bb=45DdmucD4sKxCSov28jcMkTTroIdx1cCwZYFijtCL6EIXH_IJFuIWEt6ny4hLhQMFXypmD8d43v97Yk4WHAp2mYhVyQMT9ZH1awJ-O-lK6o8FspXnpnyvTxTvBnHVMP63xZiO-K2ddxxYV4eKm6NUQ%3D%3D&xkcb=SoDq67M3so_GbMzDIB0BbzkdCdPP&fccid=789121c246ac5cec&vjs=3,100
Java Backend Application Developer - Assistant Vice President,Citi,"Pune, Maharashtra",https://in.indeed.com/pagead/clk?mo=r&ad=-6NYlbfkN0B7UYL49yWBrrOlEWIsfJu1HwdoffaEv3MPqVgUrdyA2rAcZfAYGUZxEZ0KEeZmd1-gNdgkQnCPZE7AItQNKPxGbVZ6zaoYBHw-YrCdwYWKDFOAcQQd8VXqBFisbnaN13Pc51kha0DElUyj_PA1W-BnBsg9_uffv-bcb-7Sk3J3vxixeCC0X7DCs66NaI1jmZYAcZKqPCFa3QWhAP0eVhTf-fc84O8MTHkSOTgaOUrjXBHiTbcOIXeAM23tVonfolqs11IBYWhY9gHgf4smqouriND1-rmv6GympZNwPvN9AK64LwSuRBdPxgWsQc47VIYnxXkw864KrTMgLPWY1RGw8vHgCU2FRoGzBPI45iRmUIig-ECcVSv27uYphvRxXDJGNPDEEa0G9nDzR4FqRMITuzIHG5jJXHfFoU-3Tj8OGfcEkdzyrkzBa5PrJltinIcUBvvLIA1PBgkFftEWbwmP5OP9uOt0YZhuCUpYESfn8jGGNk8QOdJIFfwHD3fX43zVBKB7kaIiAG9HdPjH_P2MK7_GYo7TSdkmQM9T3jilMo6RitJF-FUdmueM40Cp2s7btNG0koH5iPJGuOyhsAXLs9YlSSBVSiMqVgzBnNnkipgQTkPFvAhcAr5ab5VqMMyYIQNKEU5lljhx77WxSeBvF7geQJB5Ef4lY3_T_POMCxgdTplz2onVytitwz4MYv361sE3-02Yyx-gCgbC7W9Fr_Lj1OaYPCvHeLCcHFWZqm70BTeh0LHMwZDITkfCAUSLDL2vh255nKLha8SlMdaG0MTZcrUunBPqA-8i02YoGQhCsdMb6dzg&xkcb=SoAo6_M3so_AN3T4ax0HbzkdCdPP&camk=UoKtGZLa3XL5jsvRJK3oEw==&p=12&fvj=0&vjs=3,7
Web Framework Developer,100MS,"Bengaluru, Karnataka",https://in.indeed.com/rc/clk?jk=f54de2e6304e6537&bb=Ud-kd8b91W5M0WMKAvP6817VXADzFlDvaVQYsBMAafRTFXEYHCbMIo3GnFcqZnc8_fI5WFLoqSw04MnK4zwNobunRnGcAu629lIziUAhN8ogBLO1iYc9Et90UzlZ1zbwzIVuQPd_4qEFUV_SsmOxWQ%3D%3D&xkcb=SoCv67M3so_eOwzNYp0ObzkdCdPP&fccid=789121c246ac5cec&vjs=3,100
Software Engineering Senior Manager - X Delivery,Boston Consulting Group,"Gurugram, Haryana",https://in.indeed.com/pagead/clk?mo=r&ad=-6NYlbfkN0Ad1FFWZOsBBwBZDGouyCcICeLSd3pQct3wJ1q5dPO7JFVPHQCPeUZaOlKNfdBfC8sUn20P4cjkaCqGPdtlcI0VQXh_pLUkS2PqZrXR3dQDF-_6vEa5SWKJsFYRGoR-vN0U_vP92Xsw-ZIg4vmQ9kX0exQr1GHNrhFM295Pe6Mn_-ibJuC8lXcZnVs5o1p12CN4V8-D4zVh1edo-KQpn7SAVgqF7eLSL4xyTqaNJbp7JYgdEAaliauR18PMnnkkplJInj2iNvZ0vt0DkeCo4qaWoy752PcFCLMK-9YJpYHOMTEKVrszQzKdYfDJmgbIV0Uo6N9LsX4vwJrApBJRtAa0m-CwNkfzHKJI6IlUgEbckshMSqVVYt_txC4Pdb9GUDORguHjZ48DN8CmN1TgB7oeQr5jSbvGd3-KVI8H30VpeZXtOCCNTwToX7ZPDzu6n-6sl2uLLfbGm-ewFAV6ffZR762Ni9Pid91YhovEUlKo8vcq2cIXKpaPYWGjnhVzHbUu-kofHMy48DJ_QlXbwhQ7qZ8BD7Y3Nukq4w45EUO2w2xeHhVU1_FlMstP-EUVHf-jWZjwE4On4CKQfeY1SOvbAzyyz-Kl-ZUR7-3pjFt83hQwOmUKV6T-FX0rScxzIhMOOqgM3XujMmBmJv_Az42Tk6LfQ4jjcnpYLS1IU40CKb2YpXgiL5COwCD_XDG0fdH0Md4Zt5ZTmgEmVnL2HJyaaEz5jPyPhWMTMQSBj8qIf1rEMe3C3H8l0VtUM7ZWNLjwFkGqah2JpK_pZ7tloET7LrkGclz95kxkNXOl5-V4ocgOhxnfaab7_ZHypj2QW5LY6RQyEFeCSQCfXLPbVZOxIF4RubOQY8cfy8w4hG7N2Fq4xAWMdLCULt_Jy5qcL1zBGDRClbseO9kcCDlID0T_KSST3LBH6JdF21nGnbuRs20u5XYY9I4G6QLMEdAIussV220wMiobKMd0PKHc_0CTHN6U5vwmC0ddSkPhCicjyyl5jhvOhV5oH9cWVsGl35xFQNGJD9IhTXJJ9F79UKTwvID5TE9ITRas5AsNc6We6Sj0SyYysUIYRVehaukkTH2dflzoCNbmgA4QpkcO2obqHiHovtrafMrXXp7VddAW9K0G9IZ6SXG8FhqJSDri8QA9jrpxOQIZurnQ0eJ37UI3chXzKzsOkGbKsRpJMlWvFgyIOVClOgagkQlUecV6_JAm8sfCuojtyfP5KPekYi_jmfAZ9RVluc4pO-9d6J70SWYA-BigV3a9GGPGstXIcHcLO__uTcwWkznnx8V2cvcKCzZ3ODxVGuQBpCBqZlisCdogqEyY06ifyjnk9zXFXh0dyHo0ovRiiSi693PUt_KfhF0fQJH3fZ5O2iAvNBW7v48OjiK9ZwpbYlALbeF1Ad9cg2bp0YXkjleGFbtss4dlgi0qmjH0Er8bxpfyDWNPGIoMNSFSV9Ii&xkcb=SoCd6_M3so_fG5T4950LbzkdCdPP&camk=UoKtGZLa3XLjqxmMrGo-mw==&p=0&fvj=0&vjs=3,1963
Web Developer,RGB Web Tech,Chandigarh,https://in.indeed.com/rc/clk?jk=00d3c4b2d866a18b&bb=xnlFIaQtZp1N3CfrFT1LxkTpGOp-UlaqYttMtyA7SEeSbsGyJO9gnIIXE0E_DmFF2gpqbncGyDp8LCMrUIP_ky9P7SvHX0B6e_Nvk0fWLhjXxjPXZ6VsFgpPNnVCcWfQjX1ifsh0cJosYuB2rRO-cd-T6hhSVDcO&xkcb=SoDn67M3so-yd0T4CR0BbzkdCdPP&fccid=cfd40c9722d42bfb&vjs=3,
Senior Full-Stack Engineer,100MS,"Bengaluru, Karnataka",https://in.indeed.com/rc/clk?jk=602d03463baadc8b&bb=09GQX7Zm5EgQ_AaUXvPkqKvY9zx37nSKRK8FvTwAe2yqy3pjmlRjFt8_xznVEAOZtO-QEY36dbwNf809ZO_FV3kQWWJDOv6RPzEK8ZLwYDGfMgX6DLKPN-ha5JEou2Hf-HAxDxQQO1Spkk1SjfoDB_SWo_HhCuyF&xkcb=SoBf67M3so_X2xz5RZ0KbzkdCdPP&fccid=789121c246ac5cec&vjs=3,1006
Full‑Stack React Developer (Healthcare Booking Platform),Call My Doctor Health Care LLC,"Mumbai, Maharashtra",https://in.indeed.com/pagead/clk?mo=r&ad=-6NYlbfkN0AjOO4RPC7urOH4iQvTpMoSt-wC6bu8z7QKrjfGpTNsKX1d2KCQwuXGHWu-RwzHjBP6GovqrXfJ5WIPl8xXadsAyWSmWfPh6s7cvwMUKCb-3ZdaArIyyiIn_aEkJh55V1plSBJwtpZyPOfGVJ1EkH7sO1_vw0U1MG_48O-J7OwAg897X875noWqwuo1miMwBXOgtf_MIcdVzEq7V72l0g7l0qa5IATmCRs0G8Yv-hTXu84axI0uk7Kv8BvF5CQjOQbcQ1fyHoSpYFPUu2tDVm48fKaAduPeS77ym-6DqXNEzmFfWVGmw_RJvNJHeTIup_3Nd0bzilvhevPYgWXATTqdlPLU0Qs08Lt-5iBUjTRfBC5n47TBzrKlN3ZswzMzhCYel-GkklIVEcUvMzQfAzVtbIQAKxRoNjOfyGLSUAWslaSC38WZEyUuGfxq6DtC1fj7PuoGbA5pv4XCxM9RGZ08C43XKHwzqHzBBUV0MKik8qJjsgSPtoBJZYYliLrCRpXvagYlQJRoBEBamK8VhW7x4AzD0lv16x1a-4MX9qB9u4wcYg_zhrmR9QobbOb9Lxb8_oQaMrovpjkA4moKFsc7fkRq2RkqUNQ5Mo1RrFlNfo9ShHkZt6t4Bukq4DW0Owt_bypEQ3xEWeoCuvxicN705mei3SxTUKtQ-kOQHIeoZavLp2BVQ1k_X_O3_4D-Lbg=&xkcb=SoCw6_M3so_Z5pz4CR0IbzkdCdPP&camk=UoKtGZLa3XKGVzMvxXJjYA==&p=3&fvj=0&vjs=3,3
Backend Developer Internship Remote,Sasefied,"Delhi Cantt, Delhi, Delhi",https://in.indeed.com/rc/clk?jk=8213200f9fc4e9a9&bb=prWKU9PCEbtXnhh_2oWe3XmF2_4Jen5t7B-kui0XARVEx02xJSz045dKMY7q0cUbdWfIJMlhsWAFwhgVeX2eInn5YiD_aTV1wJF3w7Li9odWu0sqTnCVmnqBzVKqcFSoR50uh7jpr3B50xFPRSEzKKt10O-ScxC7&xkcb=SoBJ67M3so-9EIz5Qx0GbzkdCdPP&fccid=fceb7abd095b056c&cmp=Sasefied&ti=Back+End+Developer&vjs=3,6
Full Stack Developer,bangaloredigitalmarketing,"Jayanagar, Bengaluru, Karnataka",https://in.indeed.com/rc/clk?jk=239e84143ce6e4ab&bb=gDPwxt_vjA8uFWh_o5bzVbfYKEbE2oZ0deCc9VPS-ItZ2IxSjcyDKWLCK57gG9ugiBiOPt78dn_jZ42_JbPbMzEbls0u_srzyPWN6TFOwP_Y7eLCsXXmbI13ixtBsQ-5SUjv7KOc_ERvQAS98ZskQ6u50nLkzuux&xkcb=SoBU67M3so_WRjz4950NbzkdCdPP&fccid=d7026280782d8641&cmp=bangaloredigitalmarketing&ti=Full+Stack+Developer&vjs=3,5
"AVP, Principal Front-End Engineer (L11)",Synchrony Financial,"Hyderabad, Telangana",https://in.indeed.com/pagead/clk?mo=r&ad=-6NYlbfkN0CZG6bN9ZaS7H2eqWBwsQ2GS98cHcHTG0eJFlxnPWv_gfw_fqLCZSnvHrF07eE8TleeTFnaqM3qXkKEgJjdsXdUoOx5dOlWMahMDxW5IPS3VM-WNPoUxZP9HgqZfDETPzkDoCg49UiAp4IP_Cca0-dKDJf4k77U6o4rlGgMZu3zRCwprZf3P6m81901ejRlb2z5k3Ffud9d_prPhIDv1VenvaeCWwHc99sP9o8hiFeXAkzeQXZaBui5H33-yp5ETBBoBTjNHvxTqAKSLew6RIJaYXgv_1xhPym2w2fXYo_qELN78ORFosMcrmdbNep_H5YikF6_PhZKuHT2Sd7oLogdwEO2iEelhX6Xnq0YSDbYTwCG84WC7R1hjKy5eyu2oZfE_17ky6EHm1DqdcKurNKs948dZ80v7_7aHQki4BQ1E269RXlQ-Brmo_AZnisedsOUlRbK2yVZVMtcGzPDJj3_Jj6HUCETbdoserUfTFw2Wu7GJxU0mRypi7BmgCNjViMSuE1_TO0VH6HuiBwNgi-lpzAJnw9U6A5klPKMj1qJEa1EqQgcYjHPWOY3scddByDM3tBAYixCrIF0o5X2WQbtWY5Pxvl4H-97gVaEXLekHoZuVxNf-u80u3Jignjog4v_IL9cUcCrfSrwOTrqlA-O1DKprvnlrdW1rvfkpDS8JnZ_aOehsC6yOBYwUgZAODg7uOYipbX6-VYAlv6NgmmXZSstNl6DupFff6pjuOz81kQCiikMLnpKYe5bnBzYH2zS0BzuSfbw5206WZXPpK3RzeRXd1IvRUcl-bjpmz-4DP2hBvuxVf6LYTJjfaRpx7LMQIx1P0CDAPGI0BqZBu2wxbQeyWGY18pD5ccRx0PUaV49ZBGgHwgF8DcIm26LtGzTtSHRTDms5mlv_ue8dCI7Y_lnAGpT-mIPhy3Xb7tDNjRUkTpgZtkQUSqQhXA_99TNVasH1VJ0qP_cFPEADWnUFA962-WDICL9dDE0X8eLgJEzfFUDHCuIf_RjoBEMnrIp7AWLZCPk9C3dt6LAql4x0FM6f7z2SPB1y3Lneafl2dvhn6MrC_BsqIPruQGxHIn_yFl6PSdOYsnTJSuQPxOFlkGgFHCVb8e-J6ZN24zXGY6xHajUmr-XcKBVO2jdSHPbYBMG-NLvvLKfmyUfTtBAxd_qzh7WHE0uOX0oyZYwZ05TtNxc4Eflw_shJE80ZW3KpcF-CYkQ24gvvE1MNv02PW5lCfZWX2QFBSynBE4NlTnjo8kx1WUFVizxsShDt015o2mCrIyEUIk4Tah8cWtdygymiH72fAwGZKmR4WhS8XGFdILFGVWx_88Wcfnw1hMyuclZqzA4ImFL066-kbUOxgh95eDllielg1y6g20SmExpJr_-jbZWCZegVn4-JjKb8G6kUCxyZEaBv9r6G5VoHBKsnIc3F8HfsOlMoIYCqP3AATtYsUkT2_FoMB09a4vp0yJR4RG9iAW2e76_OOVU&xkcb=SoDf6_M3so_RIrzNWJ0KbzkdCdPP&camk=UoKtGZLa3XJhu-lOvsCDVQ==&p=1&fvj=0&vjs=3,11
DevOps Engineer,100MS,"Bengaluru, Karnataka",https://in.indeed.com/rc/clk?jk=378600f9eeb0ecad&bb=9_ldKAQlT0XaQXPZNzDmkj6SSZoSsgXyz6DUAzg1UEQmCo3dkU6wZPRCn5DRFtxUziDwQ0RS13TFwTi3LNjTI2DTjzKVDqc4Gp-XZnqxPzZVxjcZXfm0F1eEtJBiqc_utWH3tOGfkLV70e3VGAXkXILyGmfbzBfA&xkcb=SoAZ67M3so_M6Lz5Qx0DbzkdCdPP&fccid=789121c246ac5cec&vjs=3,100
"Senior Shopify Full-Stack Developer – DTC eCommerce Expert (Remote, India)",Sunhauk,"Pune City H.O, Pune, Maharashtra",https://in.indeed.com/pagead/clk?mo=r&ad=-6NYlbfkN0BhlaafzYe2Chehkxiyvtc85x2YJdw4PTQJnpy1y69w3LvIZx-lremxi8bi4wJZqumwiHwbkHWsJex2HNOFL6n4EREojNKs308fI5HzbJew6C2U57zGDqbmvt6Gu0cKVJNaKfC0_fMMHtc6wgd5N_3hqP5uAVl-7OsMyWK23yUpAnzqDxILnf4v6wZlDH7SHbF4fFcpd1PfjjosLjIX2MMwoCEqyjZs5Q10xsF74kNJZGj1-czU6MmLTa5gShrKplVXoRCfAv9RhYGJuBfWjr4ne2JTCKoZMloJdXSLHBY7kSUz27ZSv8PBVXS76Z_dsb2Go4c9cBR4kvY3ICs9nPkBxaVs1DSO6I1pQevnjqF4WxBDjZOPvs0uLskrWvQGaZ05kNgdKdlM4kYcuNkjAvySbYmrS10H9-8yUdG5Aba-XmNuxba-1f_8F4bBSuwO6VBGRciHiWK6DMPxZuuasLuVMhX1JK9a3vp6YHyTHoaXmQzyPCGtAL_lKtnGQm5iXNHS8y6S9JAKnudHiKmjNNEbRH4jkqHIwscSNZ4nlXUWoCYqs200dJ_N6VFwwsj32_6WS05sIYDxmdEZ0I-LXDzQflZ1Q6RmpleceRZ1nFVbXy70y-IVJurD9Rht0NMHyKO0o-cFM8Tj20MXzqRQkGUDsRLsDz9wEdxfZzz5tpsXvlSy2DaeXib-xt6jUX7G0w6avo4REY6cDcakdMl3xJmqAB-KriLmRyInrIyRmWk5KR8c6qTZUVrOY-JuEpQpInwLXVCG-TKczg==&xkcb=SoBJ6_M3so_WRjz4950CbzkdCdPP&camk=UoKtGZLa3XLJGI66Nq2Vrw==&p=9&fvj=0&vjs=3,4
Full Stack Developer – Browser-Based Web & Mobile Applications,QA programmer,"Hyderabad, Telangana",https://in.indeed.com/rc/clk?jk=252152e6cc7c6848&bb=rMN2YsgjQxNXydj8GMXQ2gFbHbjIDEGqgiwDn2tF4-IxdyFugl1BtgtLcrLbutbhxrqYcfZY3my9paeEDSrU_mEdEuBblP56erZfjbbn2iqoYg0bkoczTWSYYvVWf_zO0tbtoyuoYyr0OAXY8WQ5cqIFRAAc_ytp&xkcb=SoB767M3so-xHkzNwh0JbzkdCdPP&fccid=a0373b2ed19a5bd6&cmp=Etaclam-Techno-Services&ti=Full+Stack+Developer&vjs=3,5
DevOps Engineer,Infodot Technologies,"Bengaluru, Karnataka",https://in.indeed.com/rc/clk?jk=5681b8a9629715ca&bb=TUFgVB_wuqWcZYFiW8i5eaFCU7caZD8EVL1OcDatjuyXexiBUDnUdNXTR8bXage3ksC2QmRnS7Q3hekquAhPWfuutq5usm3ciXgAD1EC1VKbuN0JR669ht_Qu6AArFj9qpBK-jA-ATnqlD5L7xhdCnUIyUdcDOW_&xkcb=SoAr67M3so_L2Mz5Qx0AbzkdCdPP&fccid=101e7ea161e418bb&cmp=Infodot-Technologies&ti=Devops+Engineer&vjs=3,4
Senior iOS Developer,Qode Maker,"Dugri, Ludhiana, Punjab",https://in.indeed.com/pagead/clk?mo=r&ad=-6NYlbfkN0D2fAb0WKjFUuRzPkYyDRD0LopU1jDaXNDNoGMAWgqnMhlNdZyFdPkPpEdMPuL3wiGnQNONo9_il0Elz3lUHD_rsO6N-J1it6yxZs74o0pubcKxgg7fMmQCCjh-Z4nljmmFxeQtmLP5GTw6lpjIn0lU-v8i8syMlHrlxRZ4Wn3BlDObI6hu2X66vv5j2kbphUnyzCh8xAvzGmWamLx0NG1UYoDp5nTm5O87N8rfJYEAP27sG0YkO69s49a-JSMMlHPuBGR1Xut_x73UGpG4WyfNp_ffcIuRxAFu9VlPinKLfDN2GxJ5nZELeeXznSl6KEiAw_9DVWLmCW6ZMWuICYGW8fri9avKYPEWKFxDGWtMVGUxmjrXTkLJ_j3Ei_gYMoAB2mACcfqx4StHjfVzFVD_BSIrDCJIHqVtXn1lzQ2h_SovnVyrCE8ZHFIxpCc9F_bsiQu1-KRiuqIuNICC8IZ2ue7JIbmApipzVDewel5UM_5LQxqdZk7y_aF2UiplZ14w0-MmJqsPENq0a8scGMFRi3nLJqyEGHKQTYa8glslB5Z2km48oc45MraWoDQJ-0bismlcDa7qxIIbWZ8ID82k2GW7w2XbqPoydRPPvdvC9Fxi2q0wfurvLxBiu7VTuBEPewd6KC3V0NvHMmgoWkjHZQcO9a4pqAQaoDuWlMVcpdW-77BhnwO8&xkcb=SoAB6_M3so_AN3T4ax0FbzkdCdPP&camk=UoKtGZLa3XJBRl9CBBrvvg==&p=14&fvj=0&vjs=3,3
Math Curriculum Developer,BRAINSTER MATH LEARNING TECHNOLOGIES PRIVATE LIMITED,"Visakhapatnam, Andhra Pradesh",https://in.indeed.com/rc/clk?jk=a021b805d9237e94&bb=bxasPcHe8JbVyhcEbzLj8KVUWrv8_Sl7h-uoumavwMbbbOEz_mzhXnUqGsWwo9xZ-ONmNDM1XZE2bC9GcDBrHg7FNLENH0PguemuraPzj7pnn61XAd1V35gdyB0Tj-QFsk0juiCHlYnXpX6b38BchcczHzryP79R&xkcb=SoD667M3so--YXTNzB0CbzkdCdPP&fccid=a92190f0594ab417&cmp=BRAINSTER-MATH-LEARNING-TECHNOLOGIES-PRIVATE-LIMITED&ti=Curriculum+Leader&vjs=3,10
Software Engineering Senior Manager - X Delivery,Boston Consulting Group,"Gurugram, Haryana",https://in.indeed.com/pagead/clk?mo=r&ad=-6NYlbfkN0Ad1FFWZOsBBwBZDGouyCcICeLSd3pQct3wJ1q5dPO7JFVPHQCPeUZaOlKNfdBfC8sUn20P4cjkaCqGPdtlcI0VQXh_pLUkS2PqZrXR3dQDF-_6vEa5SWKJsFYRGoR-vN0U_vP92Xsw-ZIg4vmQ9kX0exQr1GHNrhHc9hiuzf_d5bEBc6cYyt26ZtvBGsz9P6WHzH-nHNDFGzoM-ZnbVYzO-7jwKtLQL24Jb1qCE_jhJH1Se0HZXYMInzmJtnzPyIAX7b-DGRFzCEw6lopabRz3u_Pb6dKjIITsDi4uO0-AUhf4H5b7vRKyBqC9bJSmX1KUaHxp489zYvQNT-9g130yx9bTc83pLeFSZGg4xf4DkddviStF7mKWhBV_zps_3jNzESbYQxFPpRGJFoFJneWKIqiP738ytQTE9ndSqc81bq8B2VvsHl2-c2M1kQ3ymAIHmKLeIa7f2qnzREcsBBUSqp-PY7K_i-10OCxwhXrWUHOvrNvqJN-NzKtRBHSldJCAHpku-S9fzv0mMpBs_uj1KJoW_S7X7Nu0Gg2--NeBQqTDaFFeHRap7hWb2lrHhpD0YJId9WQ4mbH8u6aFjLOOJQjuhlovuL1u9Kxs2V6sSbTv1fYE2Y7RFFqhxmy2NfeAbvTtMc1DAgfF5dkP8I3Dv_YApk6IIuf1Dy3efZB1sqxpOcrv62bwKocRy63WllxBiZLujrxcrIZuTvuJinBguQKxX7mgjLGjSjeV3hdV9BmR4R0IN-TFZdI-qhVQPrlLjy3Y4VZnms8VA1_G0EiBzao3QI74aElFpW9BHPx4Palmf0WJkn22N5SVgMfv5L1GWqArjfCiihJB9ArEf66Ga254NJBjK5FdBxU_nzVx5VuD9zHZQWDoxm2w9m1xG3OlLTbxneu9qQ2_2ao3buChdx1nLGvgubRx85CDPpi-VDn5Zx_S29RGS3RKNv2UwgAsC8SKnJCFxEZE-6kBdW1hxoC9HrXZvFzhfslrxG-je4eSkP9xOX2bVC8r5uQNa_h49iiR5CNUpkE9JDxxLKUzDgKN8YuvsHjDGc8eeQPvfq96tY3Fxm5ahrHtuss-N7Bh0dH9QKDTLLLJngDPvFdCRMyiZfhvDfANMdQMeVw9f1I4MYPCZ0Re5Fa1uPkR6MjTNzWrs9kB9RLdFEPB5s3IuxvwAhMzCzodyYTeRiK0-1B2sO9BnxPCfAKwUdvAV6LrNJK2EnRURViUhgLvcBuvw92nlYuA71NJwd7tlOpB9OpV7MCYlnQus62aSB9Nt4WeFKJ6VfJyYjefI0C2xUBMgve2CeDcOo_O5r_caTAf4sqgzu6NPH6JFEaYRyRUHZXokY4JkErmH6RNF-fhK_-sBHeseniQkD5DzYndTFOigBKPXk6D-oP4_4XHsrYA7PBWKHu6qYhEBtPP4y0Mo-iD9wAEYxIy8dhlbi2t3hwTVapuigvOef4L&xkcb=SoBQ6_M3so_GbMzDIB0LbzkdCdPP&camk=UoKtGZLa3XLjqxmMrGo-mw==&p=0&fvj=0&vjs=3,1963
Software Development Engineer II,Tesco India,"Bengaluru, Karnataka",https://in.indeed.com/rc/clk?jk=5128f435c340ce01&bb=y9W3igFDqjlUPDEkkSxnAyeEmaQ1ValF7DYECmNYKDQQJaTbMzO83T2SNiTzWzgRtgJHBo_vRaqFUTc4hwzA-ysk5k3OgAcsWTq-23NTgHjG-Ac2ef8Peb8_cM0SEOovTuOS2MPlRt1lUE6QZqwF7Ihra3iEApG2&xkcb=SoDN67M3so-23jAfL70ObzkdCdPP&fccid=e7de5238ae83770d&vjs=3,9
Full Stack Web Developer,Hanumant Technology Pvt. Ltd. Lucknow,"Aashiana, Lucknow, Uttar Pradesh",https://in.indeed.com/rc/clk?jk=a8853ce70883e5db&bb=gDPwxt_vjA8uFWh_o5bzVd3CC7B-99Umbo3W19xy9q0PyK8q3sS6tgcPZDSv0sw0OdHp8jjsTPKEIbswQm91J4fpKR2h5hbeXOTCbVFTInicSboWqoj3fqgpjInXHMyfDFVqYnWCiLNhZf_KvvOrOheD6WYoDXL9&xkcb=SoCu67M3so_WRjz4950GbzkdCdPP&fccid=c8b36b9b3db3f2b8&cmp=Hanumant-Technology-pvt.ltd.&ti=Full+Stack+Developer&vjs=3,337
"AVP, Principal Front-End Engineer (L11)",Synchrony Financial,"Hyderabad, Telangana",https://in.indeed.com/pagead/clk?mo=r&ad=-6NYlbfkN0CZG6bN9ZaS7H2eqWBwsQ2GS98cHcHTG0eJFlxnPWv_gfw_fqLCZSnvHrF07eE8TleeTFnaqM3qXkKEgJjdsXdUoOx5dOlWMahMDxW5IPS3VM-WNPoUxZP9HgqZfDETPzkDoCg49UiAp4IP_Cca0-dKDJf4k77U6o4rlGgMZu3zRCwprZf3P6m8-tvF0fDZz2M4sHRCnIBFiNh3jm-Y4LxmQLnntcwKnMAy3IRQUN8kZYkob6B2r3QujRDBUOx6_HukQ7IvUpDWrHfGkbrnKvixP1fu-7zm5KMa1dUXgjsZBZnfwMCRCDDEa7AqjA8anQZTSugj5pWl2KGuhzFW1lLCeNuANc1_P6IDzSwyPR8DFCHBjp5TZQPn9mI_OWa948SCRDdO__RtbBCRjEsFElsVWP-6xg_mb_-t0ly9g4ex-r6roqq4wKjiKq5-J_0HlReqvLQsoGYUsMaYj94Fu8S8ru8hHzeFq--ma83vA5eA5JIcTvRfIunSi14QNpCUmttWBjYmelGyt3FH9EfAM-e4CS81pY-o2i1C7WsOjhcGEGBJDkaJmRDmYwya4C5kV-qm-M7edaz00vG7J6eduEEGoXZ50Omznr3C-Y5KX6wUOMa2cRW7ZENQpWkAtHR3cUOjZ4SzPMwsPrmKXo-GeG6-EmbI56k6Ql2CTkjgfwvs0obuKKl_bcFy6qreoFwJy_xFVxBOgQbQ12lvXoaKFeuXCFjzWgJK7SQV35QCyVRZ47nWESXFXT0WMpEPZzmuO8X3XQ4BhmeMvncP1vgaK5YuWci97wFioOyswq0mZj1FStWLLdArTfV6Or_5Ga_oQ9XC9uxlBTarBozH9FymMt1TJlg-xnTLw8YdSJepV_08kSFseP1RZz-nN_agteUDBUwE8U6TJ3lh6GnQiMLA7Py1Qx0OleQT1p1bpPNrC6O_S8VOLjPy3KK0O-O11trOKjjUiPallqAsEvtCyT1j6ymZ02O09BYtIWqdmLmjy5A5ODTMzJJaWYNjcoC-5oIv7xpyMyVC9SlQUALp9AsCdhFr0CrVzpA_kjQojOGLrHQWWqy_TJpNvwudo-SplOgT0B3DZfuq-vWR1p7d8umSf-duCGd1QAB6UMH9tjUVVWZVPam0iLxDa7RWhlUOBKH_n9umd2Vw3j0Yyte9MiRNLdOgGMGvz4MK1-7rC3HhZQ76chHUGIvUcsq1hgqAbK89QVYbBdaf373i30vP5-q1OBxKEw3iGbr9Iqt9qLL8zL8ycphExwZqhvRga1_L3FFv5f_VhJo7VYFHsizzDqydIaMS16xYGqizMBIhUqtgClSNj4LE5-ipOS4l5lj5f2xHQXdGBjjbTAtttRJMw6AOag-9Sq4iSfwSYwi960BiNECd4yY-J3mvr5U9bSH7R83ZiVoV8PLbtMat88u5YM5M06fsTxgiRXsN-CpN1ohyQ74-3dK1l6EAWWRbScxfP75uwEBv1RYFFCoMoIvCPKflPN60&xkcb=SoD76_M3so_AN3T4ax0ObzkdCdPP&camk=UoKtGZLa3XJhu-lOvsCDVQ==&p=5&fvj=0&vjs=3,11
Devops Engineer,Experian,"Hyderabad, Telangana",https://in.indeed.com/rc/clk?jk=83c8b34939dc7491&bb=gZpv2JIT8z2XggA0JYaJvkiy4QY89cALwJ1Sx4Zdg-v-T5A__8eEr1eHsqgkefXlnhXCpnb9Mx8tSoQ-lRR-y120OEACfCA5KO9ICDcDwU7UXWpQ846Qp1PJPQe7Pv5a7hIabd9BJF_Px1x7S0ciITN7V8bxeiLF&xkcb=SoDR67M3so_LH0zNwh0BbzkdCdPP&fccid=75a3a5a15b202084&vjs=3,100
Mainframe Application Senior Developer - Assistant Vice President,Citi,"Chennai, Tamil Nadu",https://in.indeed.com/pagead/clk?mo=r&ad=-6NYlbfkN0B7UYL49yWBrrOlEWIsfJu1HwdoffaEv3MPqVgUrdyA2rAcZfAYGUZxFZIkqiRdA206fL7mYxUyZBfP_YeKc4MWDku5K2g2Fpv-D9nvzPEJsr0M6mh8AR2M3auvOWRcr04QvoQs1uzKcYot-bCh14-IOp49Bt-1OuUVCwQbetntD2kYeRBLQq6KiGeoCjPUWo2iJkOAPWeqvRo8kjZDPtekvUqF7PFTp5WI6n2fRKQzZDGzrm9ADYbxZGo3XfAa_F9p5NdOAj3QeNu08pnI-PISrKG3vP4lZpWywMSxqMA36r_K7kjYXAQtzT4pM-eGHTUwDqf2AkXdSwdjrk8CgwOpVNTRQLs7Uvf23EH3MJuYSlGm9LY_COOWueAz0-tIuiYQa_IsjkSibzlL1z5hsjoToiCVFBnuHPCETZiPM6pjmhEh3YWgRY0GglSffCOqverxvLJ0o3bYww5qXLGlQrlUGTZy2nmOuFYs1WncgP_bRUk2wMW8R-FmqpdhfD60QrFrmJzu4B36xLXcXXy9MmQ2OrMfU-FeUS_qGeOlbO6grEuY_kwvTY25H_5DUyhJ-fnnv8C5j_7NohU37bNXl8qsfFhuAI51rUfylnr6apZkwlPfPCnMAPH8rEw4w4VT552tf3fDe69W5eROUT6-_NTfsDf80IDn23sEqi__0mZX2kAo0KB21013V8ERJtpPt3_E4B5oPdbMTui4APx3PiNvOU2nCxJ-ktyUARU2MkuYQkNY4cNH0wisPZJYZYfuZ_i65SdM3U2JqfZOZvSpC0Ki0p-5J3uneNX9nD06y_Gb98czfXWUKzC0&xkcb=SoDT6_M3so_fG5T4950BbzkdCdPP&camk=UoKtGZLa3XLw9-q_8S_FMw==&p=10&fvj=0&vjs=3,7
Software Engineer – CPE Team,Aliqan Technologies,"Gurugram, Haryana",https://in.indeed.com/rc/clk?jk=70a2592ab0b923ae&bb=FbC0l1oWVOCYf_flo1GR-lDDvbeOMj67VyjEL0RtlFNp8NUAii6kdtF-RGlgWDSDLPhFylm8AubAeW5JaIZJy5viqCJY7OxfOXkoIMNaJlwDDn6qqSIRuS2lO551v8hvihRws-NJgJDpzPcg4x1mC4a8_TvK6wyP&xkcb=SoBN67M3so-44TT5RZ0NbzkdCdPP&fccid=0c97edd832cbb73f&cmp=Aliqan-Technologies&ti=Software+Engineer&vjs=3,5
UI UX Developer (Freelancer,STIC soft solutions,"Madhapur, Hyderabad, Telangana",https://in.indeed.com/rc/clk?jk=7034007635bf59e4&bb=rMN2YsgjQxNXydj8GMXQ2nETDUAck6OrXZTWhPsx_ch-x0Hj8RlIjPrfP7w-J5m2tbwctZktSJBDetD1FRRhD_MoBSOptYmRLxU_4VWXhhJnYBANB_QxB-bGKE2XzrTGFgpTLR_9HefmAmlWlaI7Vv2u7acdhYQ9&xkcb=SoD167M3so-xHkzNwh0ObzkdCdPP&fccid=da830f08816cfba3&vjs=3,2
Web developer – Fresher,BiCSoM Technologies,"Bengaluru, Karnataka",https://in.indeed.com/rc/clk?jk=8eb82b588b46a8bd&bb=xnlFIaQtZp1N3CfrFT1LxiErkqQq5GhXikRXeeZq6kSMI_ek_XuL_0yKx2eHIZFhvzaMyHLZtwAmwO_uzd5dIKVYcLLxGeUZTE1uls02H8fGfKL0p9NPZiUhmoZ5rOXi66tG_cV-oZrojw-6Im0KVlnvre59qG2m&xkcb=SoBp67M3so-yd0T4CR0GbzkdCdPP&fccid=6664cdba350fb140&vjs=3,6
DevOps Engineer - Remote Work,BairesDev,"Delhi, Delhi",https://in.indeed.com/rc/clk?jk=8af595e73ee5f65d&bb=9_ldKAQlT0XaQXPZNzDmkhjjTgpqoJAnNIhoyhpUnnel-tnRn507EWYEorsNlCrfDWFfMBOrcZCkDxnFGjzQBYhV8fhawkfvg0UtCIRkEG7eZvCoyLe3Lo69G5rYL24MkS6hdpCs7e7YWEcASimPAhzX3rvAhW5lQSaAG5ReS1s%3D&xkcb=SoB-67M3so_M6Lz5Qx0LbzkdCdPP&fccid=29707109e86166e5&vjs=3,15
Staff Software Engineer,Serko Ltd,"Bengaluru, Karnataka",https://in.indeed.com/rc/clk?jk=a0cce87942743eef&bb=TGE2sb7POb3zjaa-wejrLRVmqgYEEvuXomp2QIlSuRxV9mdWppXMiM6TWsEgRz8wrn_iWHSr4coeIhcr1ApYvv80LS7bsEtkeNRvjDd8CO9xKISJuUWdUdDO2nvc90RuGkRso8AhEh6I_sgRaDWOcw%3D%3D&xkcb=SoAK67M3so_HLYT5Qx0MbzkdCdPP&fccid=39d173a3ab2c913a&vjs=3,9
Software Engineering Senior Manager - X Delivery,Boston Consulting Group,"Gurugram, Haryana",https://in.indeed.com/pagead/clk?mo=r&ad=-6NYlbfkN0Ad1FFWZOsBBwBZDGouyCcICeLSd3pQct3wJ1q5dPO7JFVPHQCPeUZaOlKNfdBfC8sUn20P4cjkaCqGPdtlcI0VQXh_pLUkS2PqZrXR3dQDF-_6vEa5SWKJsFYRGoR-vN0U_vP92Xsw-ZIg4vmQ9kX0exQr1GHNrhGVOy1buI6q8LVEenOIdkjI7MPBuu-Z4w6A0-MRBUDS96qM5AsKsMUfCUWpVJltZTpeHyoWEbAzxhSjlOo4mcgz7DT9agUPngE5ZB5gQd4oJ7a-U1-_8G7LR-SSx4f_ilgWFDVioudyvkrzE464chL5OOae6GvSBUBuc5ExfGFg_hHCXcJS_1OLO_uKYNBUj1lVNhAjxQbv7Ac3Xg1_4ZcLQmVol9EsCbOOX771mlabOmHz5l11hbtj-AC6PIudxkTM_DN0YUB5LAyRGxkF4_KDw5qfObyF8p2eFPyz5oVbgxEKTLZP3qjij11ntKJmO09p055etTG0jvqk2VIQShU3NOAQJxzX2J_UpjRg5pNNyfIuOugTsgxc-HrwqXIdqjanP69VUPQXK_xh28YVfxmKuJZ_BkmHt7qzjGy5zcyoogLZTHd91HCzcD6Jdo5ZYEKqydNBk5ZnAII3JX21Fbql1Gr0CuDQAlnuvFje1OoUPhp9RicQrExUwAeLrk04Ng6Vty-aMd2yVv_ig9mt0pnP1vXH91nhhDl9nuCXHcO8UNqvSPh6VysrVi9BgR23o0qFGWgmB5wEK9xEcUUPR4vSsh13Xvyr1TRTIMAgygpvbcQRWsU5QpEGG34d-SB2TGumaMDfYsNAS4K3h2tqCbPoITlitBHIGzPMQAWMHf9pCVO1eSCTa6IshJ41d05XnPhY9ndNDpJUGY4D2vR4HR8gcg5zp8QPypBIurW8qNfTxjLtEAzXC9wG_CK_0U7NBjaKvFx0w2hC7vthaSpBKdCJz-b3v94O4rGhqxosApbyxVvbwN6KjrOUPPBnwtGq1kBfg0sWB63Syxywoy9iMXQe8l1xeUXmtxJRRPbMoZL1rBW39URuRtkuBmZuXfCo0XHAdZOLDuHobNS7mCKHhFKSdw-SyJrU0nXfztBWAEK3YuAQCxcBRmtiJnRuMZqKvVI5vWTeOd6kxaROpekL8V6DTbQt2so6s-0MWCn-sreZTXRqFroqU8Tbn7841xuwMF7EWHhKPUy1vzTN4b3ugrCBVubnywZlvDjZ8O-iloLP58WQqR5gbsoEOW-mZ7qJiTInZQ7QfeFuvZHk9PYZ3spoRlDILMK0Z-4N_93GGQ2wzDhy0zk2UiCTcnNYY4Jl-rl89kyWAmpaQmXNWHKPURONDIr-NDt3mfTaPxotlPpMN4E_2sgSJI6uhC-ASQhhihC7TYb6POYnJa0sCknm60yIofIKn2zT3qz-QNxoSIpyq4-NHlRiOgbpQh_ErrRMb8IQ95Cwz4cw1WmEtOKWD168&xkcb=SoCj6_M3so_HLYT5Qx0CbzkdCdPP&camk=UoKtGZLa3XLjqxmMrGo-mw==&p=10&fvj=0&vjs=3,1963
QB PB Frontend Developer,Nobl Q,"Gurugram, Haryana",https://in.indeed.com/rc/clk?jk=29ceeceed3ac2575&bb=uj_fmRQgIHFmWF9KMo2OWei5afVNynjn99YAgEL9TAErKJGi3bPmh8pesISHColZEeLzqV4_bdJnQXrOnRhJljVjkPjJX2FAc8ay3Zrcz2jhioEX_211NTPpvbsHC8Sb9d7W1hBO2aaPqyrmQZqp6g%3D%3D&xkcb=SoBf67M3so_RIrzNWJ0GbzkdCdPP&fccid=9c4faf4442f46cc9&vjs=3,10
Software Test Engineer (Manual),Vibeosys Software Pvt Ltd,"Kothrud, Pune, Maharashtra",https://in.indeed.com/pagead/clk?mo=r&ad=-6NYlbfkN0BXnAswzrvYDUB-c87b84nFQaOAsmAtA-7MOv8tdpkDNvQ3tgm-K4WdGNiB5HalJwPSo4zzkZyzNeJnfIqns4oh3sDqjCp7M43sFGSV_pt3qCrt08C-rp0OG3MlQPqTQMde8m-y7_dDNuDDZ-8zBJ_ICz5Ofo6DJOmnDvuYvEULjMwW0XYx7Gta6PU3Gp-KVqFDqt4JmP9FIq-wl059zLd8HqE4lSMRsuSNRc3ZhkS6mSsssd1qN-fs_RwVz5GzAGc2qb3FAnY36cWgHHvTsdAu8AAXir-f_0Qh1nmtBqF0kDdArtXS4j0bnRPnxeuTILTX_qBXidqC9GnQjlIZyUt4fn6dZPyHy4DhLtZypUdVbT3bEpqeNLyFBjXwx-cKEBY-fbk89X3zECXCvK8byycCyGmo7JmOxlNv315xk77WqDBF5b9kUeGD5swKbyq_htTpRPw0I6BZmE5iBhUFtt-8RVlcHo0fIBUQLx-MW8GypRH2XcIp-YI79UYI4Guz6efQNGWSbbOjXNdwpSVu9A7WqUDGgrEMYbEHWbFf3Ivx-WYX6wUMRxMmzvnKXU3iAx69u9VV47KpmEkvP2yVQu_K8uyRTdMc-kuakrVpe89V3MUCt_ML8-6PMT8JGlOcx3avWpuSPFR_mG8YzEAK0WLg&xkcb=SoDe6_M3so_GbMzDIB0MbzkdCdPP&camk=UoKtGZLa3XIhGsOSEt3CBQ==&p=7&fvj=0&vjs=3,2
Python Developer,Infosys Limited,"Bengaluru, Karnataka",https://in.indeed.com/rc/clk?jk=bf032d2980a2b558&bb=prWKU9PCEbtXnhh_2oWe3SPcCY7lwgkkasi2dbNC_nGz8mWKR1WRfPSGqtPlata0YBeBeS0l5xL3epyDWTbj1XywVOILxiZZtTruH9AIduVIH_ozmbVnOdSBRNUzn4MhHPlYHfWfpD6GtvDvhZz8qTTFDKIHUCuP&xkcb=SoCg67M3so-9EIz5Qx0JbzkdCdPP&fccid=c67533a523c83a4c&vjs=3,3
Python Developer,ContactPoint360,India,https://in.indeed.com/rc/clk?jk=181f4ec76d280d90&bb=bxasPcHe8JbVyhcEbzLj8O6UeSZ1yOi4vsvuRlmr8NpUBK26wBrTtbMBqWgFcODQBaj52VWNaWmJWFf5A7lGBeLNwbDqz4_TOVnYN896rrUw6QAGPEc11eyJIEJeeOFb8m8xzFfGkLJXlFgKds5oUwz69vHWVrFO&xkcb=SoBd67M3so--YXTNzB0HbzkdCdPP&fccid=02ea45365a173976&vjs=3,2
Freelance Full Stack Developer,Shiksha Hub,"Rohtak, Haryana",https://in.indeed.com/rc/clk?jk=012102e2fd34031e&bb=rMN2YsgjQxNXydj8GMXQ2oizgmIiyvqcoD7pn4nXF1PBCiFig270GK7DHtArJWZIBL0yIq28VYSnChj0n4RkYoda5BC9wf_MhbDfbT-54WhLQFQkHw4tf28lnYfbtQiLVUm2L1gAeea72QiNVKxCkOaN_cHV5Ur2&xkcb=SoCS67M3so-xHkzNwh0GbzkdCdPP&fccid=a1d1844edaedd938&cmp=shiksha-hub&ti=Full+Stack+Developer&vjs=3,20
ETL Developer Analyst,Citi,"Chennai, Tamil Nadu",https://in.indeed.com/pagead/clk?mo=r&ad=-6NYlbfkN0B7UYL49yWBrrOlEWIsfJu1HwdoffaEv3MPqVgUrdyA2rAcZfAYGUZxFZIkqiRdA206fL7mYxUyZOj83CAtz46VgSxMAx768__AApbymVMd8r8quCZwamoRu7ca5z2VKyISU-DwOAkf3s_KR19Y7JOCWwQEhUVU3TS2xow1c7UR_-wrPyvsmIqQjVWw-0jfqI0mqFFYQWD1PqiLTxXwDqa4edRVPUVuULA80zTmuz66muFMMjB7mEH9T_BtLheByFRE5bvmVFUA-Xd5T25snOBAD5uDKb6KymBO88sYzsXjEAkaWL1BZTtfuUP9DWxzhz_xdctomJzDLPAoSNuat38i2ojZV4WAPilHg_DwS_gMemtGIslazGnM0kjizejdaIrAO0AknauoJ7f4bF6b6AWUsG-cMnyGyJMp9a9mbrSLJi7Je6D0FgXx1HJ0KNqMMrOEL9r0_HDQ52Mj8LIBHk5DykSqWtcwqdNmMqXnlJXD8LbHwmtg3IoBe1NLGHmVYwh7wm166kXuzuZKPVjnZqqFwSFGiPIKnNGqNoEhbzqxYq3uCaNxXXSfxfLZ9mr9EF4a6u7Sp69G2vXmUqCsIXbcKwUZBcWerqWVG8vxu1_3gcUQ1Ly7szhWeaAr0k3KZGXd5547dReDREynZW1_cqcT41qL4mb_BLXgpL3k9-1tccAOZ8wD6jNQN4V3NVu1AVlEabO2676NmNrCvZniXu81hPITANLoE9WK8C4wXOR2DQBwKbc7HBD-WVy6WQaIc__H6DobnH7hBsTJecBm4hGdyBmHcBoMSeYq4_UyYPNHw3ghVRCknPag&xkcb=SoCP6_M3so_AN3T4ax0CbzkdCdPP&camk=UoKtGZLa3XLw9-q_8S_FMw==&p=9&fvj=0&vjs=3,4
DevOps Engineer I,Learneo,"Bengaluru, Karnataka",https://in.indeed.com/rc/clk?jk=d75a89e6737b80b7&bb=TUFgVB_wuqWcZYFiW8i5eYG46zbioiZZl0CmKLJPjoCRfcLQ0I-22rLm5OJ3_iSN72BtpomZagvdnMGpcnLWHk2eqemcrZnk502jrSZf_LWePo3rd971xR6zBYQiQxJ-wu8AKkdp7YO8rYpBS6Wt5OBP8C8dNVaM&xkcb=SoDr67M3so_L2Mz5Qx0NbzkdCdPP&fccid=f51de0a471ca18bf&vjs=3,8
Full Stack Developer,"Gentell, LLC","Noida, Uttar Pradesh",https://in.indeed.com/pagead/clk?mo=r&ad=-6NYlbfkN0DotYN_TkMMhIhi1NmUAOQv0PdcuUvHT60xSlZ9Rw6o0j1oOGVRfGtfPUPE9ldpIxsafEna9wHBqTw4V0qeMakbE44p0Ex2xh2_0qCTHoWD-DPmFesmPxJUV8eqg1vUP6JpzVVhnIJXGIZUng9eMU9MsDxjtiMuqumUnqjFZLZrBvmMpcrL3XEjCjzEAxoGn1CeajWGoyBzdfMZzskWpt7_nVbB6c86B03cFMrZQNUYm4JscfFAZjOMA7gC2tmbJsq89H313w6doHwO30669oQYxwOJfA9yTuv_xb5eTrjgMiNI60gRlv5xjQ41yIYozCqek3rHcGN3T10uifq0Rv4NsIFJUOqiCk9O0WnPydvfiI3YVhdQFIIcusgpBDIdUrVQAmozxJJDZEs_gChSLk2jgC0SMtIoxycwSiLbwmLLD8GMnJn5nKUmbgjFLDqka1P4-5yW5aIfxHLXUwMsuGYb3D18kiU3c8beq_Y-EdZmqrroP2XPggY6MowU8sfuEf4NJAw3czmQFTWFpR4ofzrt1mAwk5HK6OuRwiYPI1byLp9R5BTEe91f_am75SnhopB0n_f6IsV2I_bqYMkIgxsIN2pYfGsd21qK5vmsXJAzwTXatpddjFNanHituvcPh2GB3uzW0gkLR5N5lLgqENI9&xkcb=SoBd6_M3so_fG5T4950GbzkdCdPP&camk=ethIe0s0heerz5KkuTcMtA==&p=13&fvj=0&vjs=3,3
Senior Software Engineer (Agent Workspace),Zendesk,"Pune, Maharashtra",https://in.indeed.com/pagead/clk?mo=r&ad=-6NYlbfkN0An6TE4nSNopf81v8h4GOnemh63Iw_8cinpVUxcVYAn6sHOf2KtlCGLc4fsMG9Z1yZfOPEwImi0UTyoGq7jeUHyQA83c6uspEJ5hqViCQbc0KSpXuJ7V6PricjFdqRowSMyGPSQI8pCu-WgHZWqadvbyw8LE4EFtRZbFq94HlxuJJ9fvlx7OEUHcgU0oM3r-fn0K00aRijYmTP9J6yvbqYmL1wxGcw6XYvbdEi8HbX-2gqnZdmJKSAiA3tTWKNLknEmPv0CuykmvNFR7WIDUxwFBOmCs3PCWNmDjlRbQKNv2DYABxzXPElQryM4hxzSY5TFtTQyg7KnFi4JMxHyBl062oRgTAojuzbKhPUjMA6d4jZwkcXgtU1wvm78lvod8-RF7TPBnU9XXlpQEAxopuf9938p98UHMF5AfGd3D9FYIqHf2R7KJt57gr5xLwy9attkfV9LhbsYvygfDQ4mQrpM_6kxsKmpL2pI8TalN_bl7cYK1m3WqTFmZvBUAPoHnCjomiJ1KkaqkwCV-MZlFCmma4rl9kP79-KQY2t65LBpwnqYfg7T6mbrwHwCtYFUqPfEl0C8_1mqKUZyWPMEf-iYtTbDzv1QisXwSlCWrl5DMqg0ljDxNMz7qIxFIJfrC7yrpTkv20rIz_wDT4ZUs7hLGUYy2qpQBUOBL1pR3IDQKhyI-Vfg7dn6ypQet6WEbKJnFnPfO_JuAvrcYQAWFnGmA51EbvmGXLUQP3jq6MIzmnkngDNFYY34hNbDyc4ps-NlsAnGIj5-YqRfxybMaX_bMsvcC37-o2yrfRuJbHM6EYMg7Bm6VRxr59a--2Z5FsIJgl0u_QdhL6Rc4fNqnpInDhgb9wqd6wIzffhaa91g0bfDF0Jn_j7vyAMXFQ8k-hICAzTr4ArzoZ0EyG-0eM9xr1FHqiyN2Qxyvf8Ef6VmQ2bX-gApcXvUwPewO0UWJIRawxPfnKAaJrrm4tJJRdSfUZPTiqDEXHisPK0Q-gk4t9K6DNCR3cAfOKTXn5GnSvGUwVHXZs5IHZFAaZ_LH7Xa8Kgw9riaWXIYIHalg6ssO5-ET839iH6_cbAjlO3Tz3YH5I-uePE7QresFcwkV0zYcKqLljFzBwSza-DztxlqqcCwsfAx_Mzv-pxwBCHRdrLEgNy-Sc4plwhNsciYo5A7gz_oWMBYHwJD-docAONFGvjnkDcCp5D5NDTx5c6M5J_oizsSlo4RcxNQO7VAi0JMT-5DvKhJo0DL0VqxDJZ_gVqFgvUGOUm6EV_jbW1NVQkENfOuoNskgg==&xkcb=SoAf6_M3so_E3KT5RZ0FbzkdCdPP&camk=UoKtGZLa3XILVxi3wsLnQw==&p=14&fvj=0&vjs=3,6
DevOps Engineer I,QuillBot,"Bengaluru, Karnataka",https://in.indeed.com/rc/clk?jk=1a64cc1a4ce2ddf0&bb=9_ldKAQlT0XaQXPZNzDmkgpugodV1QsmgV_I4y6z5uAJII-k8IAB6eB7nRk18zwUofFISftn2hGApzATbdjXLxxsFlS5up2aJ62bvBQ_g2CPBkSAL1w087QAsU5K-4fG0Uy_oq7w4uxr8yBR4Hv8LCwrs0OijLbO&xkcb=SoAw67M3so_M6Lz5Qx0BbzkdCdPP&fccid=56ab09e63c71dce4&vjs=3,2017
Senior Full Stack Developer,Praella Private Limited,"Katargam, Surat, Gujarat",https://in.indeed.com/pagead/clk?mo=r&ad=-6NYlbfkN0DKB3BrK2oJnjFof2oKKQXD1dRBdbikX5VhmT407wD92_o-3vIloq9xYTzzsXZy3_o_7aKhl3RyLA2vK6ldle2ahmTQNH9vyWMRoS3SApYZIdZ-y0-G3vHD-isKZiXF7618v4bO9PFoVVsioBqEF9pix7Pajj8uJTPPXGR73YN5QuoG4IlxE-cRbZu9Xogmk69geCMA3EXcQ24oSX_n2SINZbt5Jes33aK0DNpy3FKNmXpVFs-kP2RghH76NFWiWtt0mLXHSEEDQLkWZkHSNsqLGOSay10-pXu-H13wrFv3dPcoYaDrDQDKVOy4XLt8YYLdDf9ye-KQj_cebV1eV9-jduJ8ZnjcMuxo3vOIgKp7ipBs_KKDWI_2vLyutddRm7SrO0zfjeDpEa9ndPB7ekummJfhVsJHp0bgM7UPrU_0iWYOx3jhabahZqBiWWO_CgeUqH5_0CygzRmnzYo74J--UE7pGvO5lb_ukN9T3TJ11NE5lny203yMwuoRkAYbe8dWZvfrVVA8Z3gRNJjaID-9eXMTUjZA5RErv8z5OtDFvTx_SOxHKxBTeI0vvVRN7t-LQpkLJRUMMqJ7orF8pq_9PhffDAEt3PhOSe_xqz0clgdl6vunccwbeNfUVPU6jJolo4HNzPlvcfi4eYp5Tn_53DUG0tmGQBc=&xkcb=SoDl6_M3so_X2xz5RZ0AbzkdCdPP&camk=UoKtGZLa3XIQ_N9TL7YCow==&p=11&fvj=0&vjs=3,5
Website Developer (Part-Time),Kilpelainen Property Management,"Bengaluru Vishwavidyalaya, Bengaluru, Karnataka",https://in.indeed.com/pagead/clk?mo=r&ad=-6NYlbfkN0B1WmpFjxJcyAYPmvVvNcbnMCVngLe5Cm8I9z0wTUBwotXslQdFAW7-qhTxLF-ocRQPgLBeSI-fg4Hq5Q0bNu0ufebK7p6zl_PXeh-Jsvmoik0st70fGdqSMPHLi-s-ZnHMZUycunoK08odomVaCvvjalfaDuCTJ2QRpk69m9Jj6Abt4Y17etCljLHpIIvFV22M8LkOYlSj-qSOoqsn7y5R3sNWtD14C6Q4H5aPiF04RLJEXqTNXW_ROtJR1b68lmwyowGnRUaak24aBUpgLWTcp-iHhDfRY_R0fHfLo6PqNi-VnMmYXI69xT1RuIGcwucEgYSVt8cE0seVX1xba5aeXMv6VNDzwC41SX1Bqod1P5-xfjp0YqKvyW89jUW7oxOhLex1VPkOd6XQtB6nQXsh0P8FS-MIDh5xKfY9kWFsOmOtdEKqvwr9jkm-GTb1NyyKewqDvnPMGbJZLPZlXfKO2Y4dVXhkSWVQAY95RuesrGG-UGFUIcVkN1UiRBnuLOoH0NmCt_jVotf7AeA4SB8Z88YLwwKryflAZA2sW-mTIgqnqQT77yXQB3rF_Pmq637rPyEQhZuRGuW4e4OW0aXq0J4teBVJ-GKeW8tJ4yxUvc1e0hPoffla56IP9gF8sW76UOU1rnzeq21xjisBgeG9ZyyRCekTue4=&xkcb=SoB96_M3so-y_NzNYp0LbzkdCdPP&camk=UoKtGZLa3XLiCFRJQMtx2g==&p=0&fvj=0&vjs=3,20
Freelance Full Stack Developer,E Shiksha Hub,"Rohtak, Haryana",https://in.indeed.com/rc/clk?jk=6f8262e1f2a75ff2&bb=rMN2YsgjQxNXydj8GMXQ2g7qyZQEHjenNu85ij3wE0DVTaCfcR2T9hkF22Jn3dnS1mxPOM1KJiz-FrbdVaEym9_t-qNGxNPg_7h1gMUXiN0pUFnaPNHe0RZH6Xv7S_cocZ7WY53Sh1KyPE4G7OS7HFEm5D0VBIQd&xkcb=SoAm67M3so-xHkzNwh0HbzkdCdPP&fccid=27164e3ec09c0f80&cmp=E-Shiksha-Hub&ti=Full+Stack+Developer&vjs=3,20
Frontend Developer (HTML),Informica Solutions,"Noida, Uttar Pradesh",https://in.indeed.com/rc/clk?jk=e6dd6b5e71678a9c&bb=uj_fmRQgIHFmWF9KMo2OWfocTIW1ek4fmES9AmiYExAL663j6jsCSqpT_1ZIT3rWWoeBmLoMyOEybtXNqScMPUgTByxvvokFdulC5SvycPx-r2T0x7664VxfAOSIAEYRdRRqEZS3e1XzPbBlouXAhg%3D%3D&xkcb=SoAC67M3so_RIrzNWJ0IbzkdCdPP&fccid=6782630817f08778&vjs=3,5
Web Developer,AF Technologies Web,"Park Circus, Kolkata, West Bengal",https://in.indeed.com/rc/clk?jk=2c1a86cbef0f6dfc&bb=rMN2YsgjQxNXydj8GMXQ2jCiq3t6uZ3u_NIn2_SZrYNOhpalL3wzFfvR0OrAaV6aymTVBUreefMp-0g36hC0zGopYLwh7o6cVLqIJrN3q9d6DZcO3L9OrMemmIW9cbjieee6ib9GIw7dXxDKjXT8AoAx49bGgy__&xkcb=SoAc67M3so-xHkzNwh0BbzkdCdPP&fccid=464ff55dc3f38000&cmp=AF-Technologies-Web&ti=Web+Developer&vjs=3,10
"Principal Software Engineer, ITC",NIKE,Karnataka,https://in.indeed.com/pagead/clk?mo=r&ad=-6NYlbfkN0CLAFIAocNJ4Wfrhm82ciahvtobYpoaf72Vrs-CtZeLT-trEu8EEwIc6NSOQ8Op6QIIl9jra0vRS0Bvs3cK1FReiqTFinP5DlG8pJqrZpMruwzo4lhOrZ-ZY_dI719Jp-PzIB-cl5wfVR7s5MKJB-cciLCgbU6WXC0EbGVk66BmQ7A8pkjbfVauuuZcoI2eNPR5qfz5cehnbSnJltaJnN2At4tZzjJ_HUKd2wlWgOEcE4jel9YIPfVtWHMQik2Q-hMxRJ6bSxecFzaz3gkHpLtZ3hUtI08gldsDPeb4pItYw9m2sjHDYHwdOgUfmKGLIVTbve4y1MObuHAUzJgFHD4FIa1KSloaslV_gW9O8OEdWV07ReUtNDR6yL0gYsNmxSYJpv6mb1l5DFsJ6gIcVeL51nTD-a7tvb42WD9YZgmGeSdThhFN7fqDZe5u8e5RAQA1VZjm-vsviL9k_Vl9HuKTmARZX7NGkYYGgtm6ePvs8w6ygvdlFfLZ2UWrWlIx0oASANS3J6hBk6eWcs-iFcUM6TILhVqkXQ2Uu5QgFwOVKYl6Epc_XxkGeyK0CbwTIYuITe5dGtYlo7FwIti2pheS26JmdnE5iadRC9LMOlZL83G2HuN69G9UKuqanXKso8kTEjDLowhUIABd9O4EXJ3PZs_LJ1jB3QI=&xkcb=SoDl6_M3so_E3KT5RZ0ObzkdCdPP&camk=UoKtGZLa3XIgFQ6tX0JIkQ==&p=5&fvj=0&vjs=3,15
Java Backend Application Developer - Assistant Vice President,Citi,"Chennai, Tamil Nadu",https://in.indeed.com/pagead/clk?mo=r&ad=-6NYlbfkN0B7UYL49yWBrrOlEWIsfJu1HwdoffaEv3MPqVgUrdyA2rAcZfAYGUZxFZIkqiRdA206fL7mYxUyZM-Yg7fR-qu-iVWqKtxGLxRofq4_7-OL1zisjr589P3IbGXb8n7D5XlGpHfXuDqDWlEeL3Ar1yoZg_L_VtkxMeMi2U9ohx1aaKKklL9KiIDkVCuPK4MtafasPt5bRGyhxYcbYB9vgNXy48SBmM9sOWhxydsk5DHEx1nLG89YbIi-wj6C3ln5HkqLIAsU7CxgCDpBj_T4Hss8XWHBZf2Tg6JsQNjL52xUyzYfrifLQXpZggcvrFXSRj8aqe9lXlcktZ51xevQzZt91chPInj3t6qk_MukC2Y5gCoyHGQmFwoXsJFucfOuNREEQEEQZ4hEc_NxgrmqtdKQBBxkux-kEmAdTtg3iKnS1MP0v8ae5vR5GDrYtSOvRcZNVMK2fl1uwaWxBUR0R1z-nbSiMeblwEv24jA4CWPAd5potP8v0GZ8V59WFfHmZbFMGYpPdgYMnAYytkYtlOJ8hgZSWeyen9AN1SiUhbHComihmF4UFJMwm2CSzG2YAlsTkbslZkr1bf9MBVFEaGzALlRwiqzIlguq9E6Uq3T-KcKU7g1w2GfUiqK7AD5LUgAvVdOOgN6uuqBoK_U5qFhAwUFF9PaRUvMJH2hGM2z3CuiytLngGAwvXs5_Slhz32wWoY0-c5MrNIHIXi00KDh0VtL79DlsO-q_LCtoD_wlBYVFlinHgcHUmTMW9i88K_9xRgfnMIQkeYQqgjBzr7lZYDZQBIzWNchGgprKuSYrzDf36Vhu4-fI&xkcb=SoBj6_M3so_HLYT5Qx0PbzkdCdPP&camk=UoKtGZLa3XLw9-q_8S_FMw==&p=5&fvj=0&vjs=3,7
Software Engineer,Optum,"Chennai, Tamil Nadu",https://in.indeed.com/rc/clk?jk=ac2a76b433295b3f&bb=R6WmyLcojGYwg_g6YrkUrO3hcD1n56-6FlQGVymEVg8OJTIptBk4UKI1Ps4YJXIEqV1aO-UtWQIcIq5K7dYXYquP6dTJUy2M3EHSQYGFW3xYIo0-AZR_28E5UE4wuEULTayoWiYEfaWdSmHI76yWv522QJrYUKs7&xkcb=SoCF67M3so-36QT4950LbzkdCdPP&fccid=3c38342724c75954&vjs=3,2
Software Development Engineer,Clearwater Analytics,"Bengaluru, Karnataka",https://in.indeed.com/rc/clk?jk=d9711c055bb17a0b&bb=R6WmyLcojGYwg_g6YrkUrDftT1z9MfpnxxceomKonfJSgwV1_rAeBp6UvPXzmTry5yNt69YuYccVNv1qKjxQVR26K6SpxhbG6dcekQVUDzEzWaR9IEjGzb5WzwWm0RzXHc4SlubmCMS5uA-tPTKi946lV_dvyaYQ&xkcb=SoDi67M3so-36QT4950DbzkdCdPP&fccid=61b330b512270335&vjs=3,4
Full Stack Developer,Suresh Mass Marketing Pvt Ltd,"Madurai H.O, Madurai, Tamil Nadu",https://in.indeed.com/pagead/clk?mo=r&ad=-6NYlbfkN0Dq1D6ZSEEuBPR_3sE5F54QGkdxvcI1HVP22a11gJlaRoAl6M0mbsGVKzUN9YtQ_Sn6C7abRm7OOVOja01vtmXH_YkqtMnV27sS_ExQUyZVrc4IyzdlptvDaulmFKSNCRg1DGZ9bu2qXym8GM6UUytHE1foYOtX63AsYT2uhrQQzCayg51A9m36of4fpiANxSJHsLzmd0vWuv2tDlGnSRSenvjmDtJj4v62PS3ZVyXRySDaS2p5fcVKEXHp_kzxo20GxwUKzPKrN9iIJQRJy2yy9a3NEulFqyfvsFu9M_K6Z5wfYF5hRjQ4dVlXyiGsnUYt3BoWA2YuwD-kzLxDWcZt9O25lsIRAGTCuZt82BREnLalHoFwTuD03QwCyMQxNK6DhIQqHcC6ERDeTF0tr0YYJjXDsCUpvOqJwUJ11Vu7lI82Mo9pw_j-k47LHbTnX7qtDotCx2rZwq7R1JtQSWA4iI_qI-9d9t28MXB89FuwCXCem6pFeVngi8nacAuYQnpYwKB01tzvdhczhkMrgLHVd_PlGXt6jEqINg2TWQamizhUknPC_xhZU1F4_bFzQlGkS9joU9zdxicyXdHuRLlpMF50s2WxRPu6rw_a9E0XeaoO1WmqQZS2A5mJobpTav_N_xjg2nnhNWu_nW36j54YkqstcaACv2j5km7DRkl9AHJHbFcIBnXadsdAr_p8GpdaxLBdhfv4Hw==&xkcb=SoD86_M3so_eOwzNYp0LbzkdCdPP&camk=UoKtGZLa3XJ-ji-J9WDx8Q==&p=0&fvj=0&vjs=3,8190052526
Shopify Front End Developer,Praella Private Limited,"Katargam, Surat, Gujarat",https://in.indeed.com/pagead/clk?mo=r&ad=-6NYlbfkN0DKB3BrK2oJnjFof2oKKQXD1dRBdbikX5VhmT407wD928K_o-LUvg_Wm2lKuJgKdJSr4x7rQX6rEQnaxnMSNUcdKWvrbIsA6c_0yTQa34nJo4eH48pmS239Bd3x7lLA4_o4rYbBwklJVQNloh3a7rhuB61YTI9C4AjcFCM_xpk-AGaWZumZ7caf2DcP5HAktjOALmT9k_lIJObcfFNaw6K8dOldJ8uwX6JnkgJ-xkpxCZvp_JYdnPt9CMY160IkSCzEsHK1YnT6aJz3tIey8kQC_WIYk1Leozc7WkkQNwPIzGzNZV--lEFx2gGCdem7Nn75I0RytNtxOiHOFWoR-DdwlDIUwsadA9WofUNJHGvPCVdyck1gQ4wLi7bhQo5s9w5iOwYLQV5W2P3sz_uWToQWwejDGgII6CyqixMftTFANXZTP2h6kNLkeBhL1cVsc2JdF9QFeo1xVeKbf_p55giYxeUbGG_83wVUw91V69GMOBGDhOdjW6qXj9huuqf8n7UnfqnkrA4yGt2kdYKotFtkhai7lrEED4YLp_u9215GmLWdEZgv6wbLfp5acD4js2ib5Gh0fv45GjwEUAEHjJTWDW4TcQUX-k8ZI0xISAHfMEu5uJzeYO7bKSHz3dII-BvYMVbM_9-unmjok8thay8Y-OZj0HkfJCA=&xkcb=SoBO6_M3so_fG5T4950CbzkdCdPP&camk=ethIe0s0hedYfuN9-pU8QA==&p=9&fvj=0&vjs=3,2
FULL STACK DEVELOPER (PYTHON & REACTJS),Kyvor Genomics Pvt Ltd.,"Chennai, Tamil Nadu",https://in.indeed.com/rc/clk?jk=9a6a4979cd20904d&bb=gDPwxt_vjA8uFWh_o5bzVZHNlf-eGySZ1yAU8ohsal7eOiWyprrYYLe67cJIiPSYB2m0yGHKp3sPFP1NhGQ1BUK30V3hammtvuoJ1ed9lVifbrg2ms0bTW6e1pYMe4kFmdx67XF2ke5NdDAvKs32IpPXrPJ36M68&xkcb=SoAa67M3so_WRjz4950HbzkdCdPP&fccid=64e511b10a2a0234&vjs=3,3
Lead Frontend Engineer,Aries.com,"Ahmedabad, Gujarat",https://in.indeed.com/rc/clk?jk=a6a31d68541bfb42&bb=09GQX7Zm5EgQ_AaUXvPkqInU8Kw3MY7VesCGjBAFMyknafxwQxjSey_0tcoo9nMjGjFOk4jHFQyc8lY9amaeKQkmqFH6Rb0jylGSx2VS2uoirrqXAInekQdq4OoLcjqWAYSwDGBesCcFEpZy3ZYH7AZ1p_4Sp0CO&xkcb=SoD467M3so_X2xz5RZ0PbzkdCdPP&fccid=460d6e9f70040832&vjs=3,14
Senior DevOps Engineer - Remote,M-Square Sytems,"Chennai G.P.O, Chennai, Tamil Nadu",https://in.indeed.com/rc/clk?jk=e10557d4289fff04&bb=gZpv2JIT8z2XggA0JYaJvhV5mudZZ6GKnmsa7dQ15YGbXsqxfxUPNUQGyg43YBiDdWJh0JR-aFP0WQs2QxK4Xndx_K6GSkr1YDinwX0gxEwrC8m3g9C3csq3K0fF1t3U4lmyIHW6AVi3-O6RjcRZHmOa0ndvv59B&xkcb=SoCM67M3so_LH0zNwh0PbzkdCdPP&fccid=e96db43771541560&cmp=M--Square-Sytems&ti=Senior+Devops+Engineer&vjs=3,3
AWS Cloud DevOps engineer,NTT DATA,"Hyderabad, Telangana",https://in.indeed.com/rc/clk?jk=c3ecf20afc641b60&bb=gZpv2JIT8z2XggA0JYaJvtziwkw6y7idNi3GO8sHXczTKRJi_jf0Hh9IDNx22kpm965L6m5vBtSPkDhoQi3QyYT7m1mtsa-nejOlukp5z_lbFN5LbivxzBP3jKfsWNcQnpNLqYYbtD84nIccTHWDUKA7ipaKNTg_&xkcb=SoAr67M3so_LH0zNwh0KbzkdCdPP&fccid=91444a28cb181211&vjs=3,337989
Senior iOS Developer,Qode Maker,"Dugri, Ludhiana, Punjab",https://in.indeed.com/pagead/clk?mo=r&ad=-6NYlbfkN0D2fAb0WKjFUuRzPkYyDRD0LopU1jDaXNDNoGMAWgqnMhlNdZyFdPkPpEdMPuL3wiGnQNONo9_il0Elz3lUHD_rsO6N-J1it6yxZs74o0pubcKxgg7fMmQCCjh-Z4nljmmFxeQtmLP5GTw6lpjIn0lU-v8i8syMlHrlxRZ4Wn3BlDObI6hu2X66vv5j2kbphUnyzCh8xAvzGmWamLx0NG1UvbsmivrbR8hC21m8qYgeiBFKs1JKtM25edXa2JQnmdSCFNEbn3LVzPFAVjmSZcESScQCHfQAPAalbtS3paFXm22WbSe945iIJOZeZPllDi66wQHG-bQ_dIVMEPocxWxaB-qQQkvHeUtzAnlUsKfmGXu60pZhQ3eCCzhgwVhIbbx_dY4jSv60RoIRSExPG6oDFfusQ4lxVZ7K9R6OccmY_jldS_WtPaKF3RQwFgw6DqtTfoOZVnuXP4WxkWMTC2BKwLjl035CGND1WVx1ywP5EOxRHWGmNvJHbmE-fKqMDDFHHFnD9dZa3gdPP8zIUyCNI1_fKmWeTdiaTh78xu7RDbW4LEufepCNMU6N9TBdaR1RuVYcTrDFXQVD_CpVDUUXXvfqji_xOwK64n4NLZh7P5ZbJCXDY1ruAqIJWbdUPDlbGVbUGFzXfcicrQUMavDudwVvw73o4i7JNGKBHgfwPTAncb0SilXM&xkcb=SoDf6_M3so_E3KT5RZ0IbzkdCdPP&camk=UoKtGZLa3XJBRl9CBBrvvg==&p=3&fvj=0&vjs=3,3
SDE- II- Python Developer,Sifars,"Mohali, Punjab",https://in.indeed.com/rc/clk?jk=81a17dac99dca837&bb=bxasPcHe8JbVyhcEbzLj8BWGe08XxBrgv1sj974WdBt5iE37Bg6xUx40dioIP-6DJTG6dloRDXg39jTKvAq6lyyQG2SdZEUlq3rMgak-eTF2EDMu3Y6GzSendeeLjnLtblG1Cm88TXtR9apB0JsGPauycFKtIz_Y&xkcb=SoDp67M3so--YXTNzB0GbzkdCdPP&fccid=0fe1f24eca83009d&cmp=Sifars&ti=Python+Developer&vjs=3,2
Software Engineer,Uniphore,"Bengaluru, Karnataka",https://in.indeed.com/rc/clk?jk=7845f0ff666b2bb1&bb=Ud-kd8b91W5M0WMKAvP689AfwVRFruOAYA1YYha2l5n1zWWEM_OUbuba2D2OGFJ8IkZjF1XluvsXQvpVVKH9e9eecm17MgtJXdMrdLUA42BlD4fOgfVgoKmjDza5_sq5uuH7mXKt6rS53g8irZfnFw%3D%3D&xkcb=SoDh67M3so_eOwzNYp0EbzkdCdPP&fccid=34f8c7d77241eaa8&vjs=3,2
"Engineer II, Software (UI) Contract",Advanced Bio Mechanics Pvt. Ltd.,"Banashankari, Bengaluru, Karnataka",https://in.indeed.com/pagead/clk?mo=r&ad=-6NYlbfkN0BbYi21D98EXBKQO-Gq7NENmWW018hMQfeU7qQ8i_W7bK7t6wCAAMpJHZGSHTsxnK2A5OWmVkEjNZ91Z-QmvHUjoBJPetiGFzFWkCqKI5VviJED6Q2WuTCxAxx9kBDTJQUqh4eOHLQjkWj_8MUSWR3fhP8TG8mqJA9mFKxRJpCeVxITv4ffcLE0xVr1aQ0o6FWpsbIr6y7tRrTQzl26Mf3VyhF1c2IrXr1bCdmsgiVR5GqNqcJB2ZxOE3oRbmJZCy6dtLNl7AnRJYoJeQMXgxo3pcSx217X983sVzwsmxdzL9hTBrfZPMMNm0tItUWTRF_KGgjypDtgNQKCCnmaXUqTxhhw0vZy25W95BbsHCvwfWR97-EwC99KwhgV-Iq0jGNK672eBfYfFgG8YMXAGsFlLaSW2kbe_uOIEuT_oNi0P4h1ihrcsPI8mfRKJCmrvUOwwxeGlv4_JsrUmDcMCWADOS4Gq-2J-cTNt-w6DNGjAkao_b9NN8LiubzDf8bmayozV_GsZ2gjQy3AThZ6FffWYu96y1N9YMb_SMZYNWQ7YLGol7l6Vsdr8t7jXcWrJrEjZaP10Et7FGrmEIrYb2MqITXZSjYBIFAbqLODF-Sf8EdTze-XlZkhV0wOZQyWIj3jYr40marJf5SwC2OZAFFS5f4rmAPPBj7ixqAzk0m6pw==&xkcb=SoA36_M3so-44TT5RZ0KbzkdCdPP&camk=ethIe0s0hedBFQ5ip6pvtw==&p=1&fvj=0&vjs=3,62304
Software Test Engineer (Manual),Vibeosys Software Pvt Ltd,"Kothrud, Pune, Maharashtra",https://in.indeed.com/pagead/clk?mo=r&ad=-6NYlbfkN0BXnAswzrvYDUB-c87b84nFQaOAsmAtA-7MOv8tdpkDNvQ3tgm-K4WdGNiB5HalJwPSo4zzkZyzNeJnfIqns4oh3sDqjCp7M43sFGSV_pt3qCrt08C-rp0OG3MlQPqTQMde8m-y7_dDNuDDZ-8zBJ_ICz5Ofo6DJOmnDvuYvEULjP8QhF1GKs0KuwsTrorVIIGQSoXgZLbsTKDigaANkid4hWqvWHQJ1lIpC98-7UznqEpSp2B4RBdlx1Th_HelAKe23FFVkvYKrSav6_3CazK7wtyaGt_omEfqKgJ2Xfcoj6dKv6K--PNUzc73u_ot6vPB3oUpXilzS7yOEcWCB2jrNtiQlPzNfjTLjCNqrjm0nyKnWvMh8NCwmVqvkMQnyAhQ8KfMaKXIKGgoT_0AwD03B-Zz2gCduCO2XtLfq5ffqlGhIHiS7hcIvRcRpyQhvGa7rB5Nntqe2lOK4VSU8YQDLXm02NfUklWPErIMARY_wI-w1PLUyii11kwaTdYQ_4eZ2Ir43BfGgBXehZbOTc3FdBfk70XAQbGlxE0Kic0NUoKTbZrPtRsVxcGak57iXCNPrCteF78kPI4cxC6HwCeHIAYejvFUFA_MbpiLxE6gEb5LQ_tI_ZbRRWMWQUBwR0EXYzJkNFbdEQXI9wcvYnZW&xkcb=SoBn6_M3so_fG5T4950AbzkdCdPP&camk=UoKtGZLa3XIhGsOSEt3CBQ==&p=11&fvj=0&vjs=3,2
Full Stack Engineer,XO Health Inc.,"Bengaluru, Karnataka",https://in.indeed.com/rc/clk?jk=fc32bf9538d21a06&bb=09GQX7Zm5EgQ_AaUXvPkqKH371UpeHltFT3-uC-l4GZMHjeCAZ7EC_0BFtqkLmwFpRastxNrwJVXJznsuQt8YGnbrZTR64MqtkwTbQ69Bpm8AxQEvvVl8TKjMtLKR18D5PS24HIUMXgNxhjVPYlgMnesm-OmGH_e&xkcb=SoA467M3so_X2xz5RZ0CbzkdCdPP&fccid=f929c2196395063b&vjs=3,4
Software Engineer,PhonePe,"Bengaluru, Karnataka",https://in.indeed.com/rc/clk?jk=8a4a5b0ab0606449&bb=FbC0l1oWVOCYf_flo1GR-sKeUJ0pw71vBb43ISDx8gPpaFnXVdUJZWwjHXrUS-YaWQJMF8bgUwQ4qsytjOX6u-35zWD2jhEAogu7k7-FcfPeXsrfjonMzOrZcRHqgawNNUnCl54VH8747zPupwllZjVoK3ZGFonx&xkcb=SoA567M3so-44TT5RZ0BbzkdCdPP&fccid=9efe0489759405d1&vjs=3,2016
Software Engineer II,OpenGov,"Pune, Maharashtra",https://in.indeed.com/rc/clk?jk=a1658dbaf7a1b792&bb=y9W3igFDqjlUPDEkkSxnA08FF2oa3V-hUxM2ULWJDK7zDDibfoKiPlU9Qb2Yb1sBtX6c5s0ND9oeOGuIzBE4mnGz2R_ny30VUauQDzCJuLchtc9zbT5OUTnFPE70dqQqABbwekfQhI5OYin1_eOcAggDgRxiEzmD&xkcb=SoAe67M3so-23jAfL70HbzkdCdPP&fccid=29a2f073e1f0c56b&vjs=3,2
junior software engineer,Quantra Technology Solutions Private Limited,"Chennai, Tamil Nadu",https://in.indeed.com/rc/clk?jk=4e16ac97cadcfd3b&bb=45DdmucD4sKxCSov28jcMp653WoBDayF22hbRmCGepCNsOZzLEItpRM43yO-7OqTlyleSDKQK7p7W3rdbvWo1hLCvLR2bGAy_Xxxj9B124xAPw4GhbbJ2nXvnXuBabmCtBaFBZ5Ct0ZzjyHNrCZM2g%3D%3D&xkcb=SoBe67M3so_GbMzDIB0AbzkdCdPP&fccid=e3f84120e7c05515&cmp=Quantra-Technology-Solutions-Private-Limited&ti=Junior+Software+Engineer&vjs=3,236
Software Engineer - PHP (Contract),NEC Software Solutions (India),"Mumbai, Maharashtra",https://in.indeed.com/rc/clk?jk=4424ca16921990fd&bb=R6WmyLcojGYwg_g6YrkUrFqjzl6j-LKNDlBkkgw2rE-G2ka27NRAz7x32ge4rpdEW0iiLh9OV7X1FaEUugaSon_64kr6wwX6ytJExtA_zFNxiAQJrwgrOEcKEbSxDkp56-mLuQDKyUFTWX1i2PZKvhzYuuI06K00&xkcb=SoAY67M3so-36QT4950IbzkdCdPP&fccid=cd106fcc81f9985b&vjs=3,2
ReactJS PWA Developer,Cyberheights Software Technologies,"Hyderabad, Telangana",https://in.indeed.com/rc/clk?jk=0db3827cf2240b37&bb=rMN2YsgjQxNXydj8GMXQ2nAaiHj133d_W-F4XZLbjDdJVWjTu0iisECYK8VhJ9uz5SjQKvC_2_evN7CDiPw3E4kXsaBdW4Tzxl8C3Gle4uaHJyPD3gu8Noc8s9yfhFGuocI5z1b9cnhIod_DBIkhid1_hRKj2Ith&xkcb=SoDP67M3so-xHkzNwh0IbzkdCdPP&fccid=845d58ac04748e82&cmp=Cyberheights-Software-Technologies&ti=Developer&vjs=3,2
DevOps Engineer,Relevance Labs,India,https://in.indeed.com/rc/clk?jk=83d8a9f0450cd61a&bb=gZpv2JIT8z2XggA0JYaJvidV-dT79_ApKqzmItcsroRViE07hG7pv0kNQ7b_nz8b_9pcaArOs13T1r3_91ZU6QUiKooQlq24sPsbR7F53Wj7iIoT5cdxP2e3TIjGwFjjMEXO3fv6FFuU97aFYx7krVPCCDKBQ5Oo&xkcb=SoAR67M3so_LH0zNwh0MbzkdCdPP&fccid=0c29137245b65314&vjs=3,3
Senior Software Engineer (Remote in India),Criteria Corp,"Indore, Madhya Pradesh",https://in.indeed.com/rc/clk?jk=c615a4a369b2965f&bb=a1e-H95iBsodPNkR_3Zjsk50KTkrdFRdAMJ2yJahFDrREoLuJB6w-Hp451_bwdx_dbkqq9Yj9FElA3rGP0XIv0s3cKyGcpsnpZGg8_wahEQ7mediSzhjsCGQubfqI_F3CVrdvZRy64aXmTqb3_0fSA%3D%3D&xkcb=SoBM67M3so_E3KT5RZ0AbzkdCdPP&fccid=67df274687f46bdf&vjs=3,4
Software Engineer (Automation) Trainee,Edufied (BEfied Group),"New Delhi South Ext-II, Delhi, Delhi",https://in.indeed.com/rc/clk?jk=d286df8c3dfcb28b&bb=FbC0l1oWVOCYf_flo1GR-pE6BNQBholBEUbdCwMdD1uMl_ojCZD_juptNEd5UQf_iuLjm0c8UiHS55pYIvctu4fQs-w0G9Tc1rgkGS0-74_SW58SU9IaLLozaUDk4rLfKy0YErTKZu0X0FnGI2R8cqzO0tk38Tsb&xkcb=SoAD67M3so-44TT5RZ0HbzkdCdPP&fccid=a45988788e9d1ec6&cmp=BEfied&ti=Software+Trainee&vjs=3,5
"AVP, Principal Front-End Engineer (L11)",Synchrony Financial,"Hyderabad, Telangana",https://in.indeed.com/pagead/clk?mo=r&ad=-6NYlbfkN0CZG6bN9ZaS7H2eqWBwsQ2GS98cHcHTG0eJFlxnPWv_gfw_fqLCZSnvHrF07eE8TleeTFnaqM3qXkKEgJjdsXdUoOx5dOlWMahMDxW5IPS3VM-WNPoUxZP9HgqZfDETPzkDoCg49UiAp4IP_Cca0-dKDJf4k77U6o4rlGgMZu3zRCwprZf3P6m87a4Tng8UTTIFavayfJsKOhfNkG7yUCuQFFModfOA7fcSng0p2MhyN2ECzHuRwV4JjkH0u4Qoj6azwTm0Bt8Wak-79XsZa8M7fUIx2NigW_rVlsLiMrH8zrUU6yX4YpAm5Wm8kENRxW-T9D_aqIRNGwqLVkzNP6QnhXkugFigPHO5fEzXo3X1U2V5eAthnoF0nv1l5FSLFZpcJB839xTlA8ukr-VZwrrhU2H6joDDN4bMFyGhGUTJqKDTIREO5QFJuru7DDPepkNe0rox0Zu5yV2j3Bn2RE82wr0rSdpyuy1QClQv6b4voKQKy5RBgzbSRez6d_mxtuRZ2pkPHc3VQLZHpjpqEpbW0rntD_Bnof7pfnTqGidPuSPz-s61hqCgJzdJLWVXyxGENS6q2f1KYt3VoJ8YriqdwxX2_5tBJ-iMsqVnXZvIQw5Js-o66y1O7CKHxOSNelHSjuTa44bliG7SKNoksJNsw-2WccVO2WPPqUelm3v-wFgy_h2qhdLPa4yfYNHEGZ14gPH5ejh4nQOHmWAmbZCmllavHJ5Elg-iw3JBam0bACn3CG1m0zOQY1LD_bCFGxR5B_6fM8U7GlcDQLdayD6yzNoGVr2y3dv4uWLo3wIv6xZj0mKdyaa8OnnrWgkQP8lczLkdwcBmGjkkNi5x4CTO0BZHAc9zkRscht-cs7GpfH1mq6UnrgxMqYt7Nkgled15u9fTipPf46t4xQ9dkMg43y9S3wmiDilZqXti5dF8VRiOf1fINVwliKN4F6bMmtiqtjCwNntoft8_v4E_nhgrync5wpyZ5fiYF47qZs8nHQsXnKJpy_B6bOhuUWliSyK_LICSFYvnNIwLEgtpmpOuZOqo3JT9NQCRh3AjPhApAaL1ckrqM5tvc8jz7LNWOW2Pa7TP-MMnjDnvpr0oiu6uTMZBBfAaf3xFEzpGQzH6xD2DqpPIJjkGILR_cQ7pzbUjjoKHUuQurOlx6uPPHLIOa1eRWqOVatEQfaIux1gNsVSxYjOFc1m1vDlz13CCWfIPkTzsVOlPmwovvSOI0oL7vIy8WIEH7PfCXVWqNMx5c5NcmT51iqpAv1yF1jETNOqCsA3lFq-N1WaR0wNLv2p4xkfuqFqra6NssdpRFAvudjbjSw00g3r8rCjJb26E91YcqrSO11AjOGxHi4Qi4kiNmGEhCCZNhZVr0sniqGABTibHpdxviBIiHZPr7ulvH98ykq1TUMfvlon0_q6aPfaQHkpDgq_7RRdDxEEHmUQUZ04AF62Hq7Q9ftjmTOi0wkLp-w4ClINuoYOnhpeP0Dt2&xkcb=SoDE6_M3so_HLYT5Qx0KbzkdCdPP&camk=UoKtGZLa3XJhu-lOvsCDVQ==&p=2&fvj=0&vjs=3,11
"Junior-Mid Fullstack Developer (Remote, Contract)",Ellty,"Bengaluru Vishwavidyalaya, Bengaluru, Karnataka",https://in.indeed.com/rc/clk?jk=0c4b65be8144891e&bb=R6WmyLcojGYwg_g6YrkUrC0JWaDUdveXhHcStoDpiKzCoJ_-XKvOec0n2oPSU3gJJc6aYPd1c-A74yFzlCr8Gz5-caHPTnhpKxuJqh9zdRBVESxGjR4O2BDald1-QorpFQ-iouhgeUUqHXW36STZrKnhn0RgqdDs&xkcb=SoAL67M3so-36QT4950MbzkdCdPP&fccid=6ce83f6fa9c36a7a&cmp=Ellty&ti=Full+Stack+Developer&vjs=3,3
Java Backend Application Developer - Assistant Vice President,Citi,"Pune, Maharashtra",https://in.indeed.com/pagead/clk?mo=r&ad=-6NYlbfkN0B7UYL49yWBrrOlEWIsfJu1HwdoffaEv3MPqVgUrdyA2rAcZfAYGUZxEZ0KEeZmd1-gNdgkQnCPZE7AItQNKPxGbVZ6zaoYBHw-YrCdwYWKDFOAcQQd8VXqBFisbnaN13Pc51kha0DElUyj_PA1W-BnBsg9_uffv-bcb-7Sk3J3vxixeCC0X7DCs66NaI1jmZYAcZKqPCFa3QWhAP0eVhTf-fc84O8MTHkSOTgaOUrjXBHiTbcOIXeAM23tVonfolqs11IBYWhY9gHgf4smqouriND1-rmv6GympZNwPvN9AK64LwSuRBdPxgWsQc47VIYnxXkw864KrTMgLPWY1RGw8vHgCU2FRoGzBPI45iRmUIig-ECcVSv27uYphvRxXDK3I2_VKb3iAnDkPr267eIqamFbU5PULlerjsrAsk3A_wDs531Qocvi74tOLbVB9_nWWlY7ceLHCX6LEVyjr-749Wc3TnOr9bNw9i3TJPuSksu9uSd0DRdLnDvdu4QMU_vrLnVT43fW8KpXnYTtUuCXApXnBdvXZvxzYzbgDUxElsgdiualsyGVDDbZ7waqxWJzqLhQnOMjh6JW_jgZLbkv19PNfvl79GCo5y1spN134S_lvh7wb-KyUZvd6nCOwhStvuY4A6vmzdCJ8CorGUvx9rwwO_1eA6bOzcJeeUU4XdzlZXbeipBB19b4Gk3kkpdsy1V0hTotW8dKw3iJHnjvFt4cOwXkIWXa2AR1RPNlEcGS5pp3XlXocdgQ0lXdFlZ9yjpDL7UBB1m3R5HoZBrPKaJdiudiK0xicmQusXCcRRtzWZofh9gT&xkcb=SoDN6_M3so_GbMzDIB0IbzkdCdPP&camk=UoKtGZLa3XL5jsvRJK3oEw==&p=3&fvj=0&vjs=3,7
Python Developer,Techblocks,"Ahmedabad, Gujarat",https://in.indeed.com/rc/clk?jk=7d07756dc3b3eb8c&bb=prWKU9PCEbtXnhh_2oWe3Zxu7ZPmZAlFsibNEWyqnE7nFBYbQVLYmsHVRYscILaQd4DcxPwo2taFrzOOlHIgLhxAi_xUfCRk2yGgtOZi1ZTtnrIHW4Y6LclowCR0Buti0QSLrilYwGNHZp2vn6XLdonD12_dXRAh&xkcb=SoAH67M3so-9EIz5Qx0MbzkdCdPP&fccid=f827ee4cab5e49e8&vjs=3,2
Backend Software Engineer,100MS,"Bengaluru, Karnataka",https://in.indeed.com/rc/clk?jk=538f4cff17590087&bb=a1e-H95iBsodPNkR_3ZjsnGKqpIBGlFy9B7Ezy7H07ZIfTGhj8U3i07qWYf3x5OXmUTqh8Kp8WC1X1yTFiAs4i0fW3S7aGGEODNBjtISmAZTg6hukGxQYdkT56SSifBUeaTeEf7S-PByNaWyLK7rGQ%3D%3D&xkcb=SoC267M3so_E3KT5RZ0LbzkdCdPP&fccid=789121c246ac5cec&vjs=3,100
Mean / Mern stack Developer,Syncwell Infotech Private Limited,"Mumbai, Maharashtra",https://in.indeed.com/rc/clk?jk=7e1791a951b48052&bb=gDPwxt_vjA8uFWh_o5bzVTvnQry72aOW6oPJBWx4BdLD2c1g1puc2cpxpWf3j_Hpdr_Ld5kAh3ZDmwM2nqCOLp3Ab4GyhDKqd6mACGKwXQ-J7GpV7iEaV7kjtOx21a2q91zjJCEArvaoTtvQWTidZORJT-RBs6wH&xkcb=SoAg67M3so_WRjz4950BbzkdCdPP&fccid=66635f50478b7ffe&cmp=Syncwell-Infotech-Private-Limited&ti=Mean+Stack+Architect&vjs=3,5
Full Stack Web Developer – Angular / JavaScript (Full-Time),Travel On Ease,"Shimla, Himachal Pradesh",https://in.indeed.com/pagead/clk?mo=r&ad=-6NYlbfkN0Bri6hXoke6M0K-SBwlfb9UZ_cmf3FbxNfip9-lx7yZKxgqmpBByuBruH_qLN_0yw4M8esTQSJYIYFRvxxDlrgGRZUTdl5m6SPWrsTuYiC8__O2910ziwUFJvOkQaAEnWstYjh0G-8kl9Fc1yO619iXsZbSMgzMCoajdWhUOknVy9xC0HuwFOF9G4imuTKtsRSRvtV60HOq9rbCTnv4Thc0auG6sIuGRg8Xh1-BqBnWsi-ZboNSqnweu-plmn0kKhQdfIpb3F6YYMJFQ4dmLxYD-DTpGA5hGnY6xccIi5nFhwJfpe_acy2VmesRI3yH_HNUIhHKM1x05qmd3yVT_KoIA1cCdja4LJpyCsvutNV0l9qTx5vV3-nEIIAGy2oQQnSGbn24xyT80OW4pRuQJ7oPY68mNSHdgzL9bMQ6kU6-wKJEuT0kzIIu0YoOp9oDZD5ozZrjyIBukJp-PURG4w4h73_kUDAVsdmjm0bruvKPhPQp4MPRt7y38o6gAn7SUHWmokdGYhYKUZEbrCmBBhZH3dWViN52VH_2f3dooxIMVP7_0yQert408hkbPadjakjr5AlVw20G-KNrNZsLqmux1GV1qsIAcN-4LGSppa_fYLvt8JetQacmhIDjBeing30sGIIcdJYcjYZq7LE_N8DRz0zpHLSCptVDKph4gmFjdhT8xX-oRY78T-3LliPhW8VXdJbvqbmjZzzR69TUYi-11uSzAQ0sU5w=&xkcb=SoBP6_M3so_AN3T4ax0PbzkdCdPP&camk=UoKtGZLa3XKYa7V1Kc1DWQ==&p=4&fvj=0&vjs=3,2
ETL Developer Analyst,Citi,"Chennai, Tamil Nadu",https://in.indeed.com/pagead/clk?mo=r&ad=-6NYlbfkN0B7UYL49yWBrrOlEWIsfJu1HwdoffaEv3MPqVgUrdyA2rAcZfAYGUZxFZIkqiRdA206fL7mYxUyZOj83CAtz46VgSxMAx768__AApbymVMd8r8quCZwamoRu7ca5z2VKyISU-DwOAkf3s_KR19Y7JOCWwQEhUVU3TS2xow1c7UR_-wrPyvsmIqQjVWw-0jfqI0mqFFYQWD1PqiLTxXwDqa4edRVPUVuULA80zTmuz66muFMMjB7mEH9T_BtLheByFRE5bvmVFUA-Xd5T25snOBAD5uDKb6KymBO88sYzsXjEAkaWL1BZTtfuUP9DWxzhz_xdctomJzDLPAoSNuat38i2ojZV4WAPilHg_DwS_gMemtGIslazGnM0kjizejdaIrtAFN0uvXE1NOvTpTKuFOz2UWg_rW8NFOPNtHMNzfz1n6EGhf8oW8qBiedGKzd14J5GwQGT0nbCf7IE1Mpncq8sT48Vaw71vQSK0tgBjNfHGgB1MzYWlsItOV_JaEHHXS3ZBXISHask1viiCPKEJs0Kqxi8Zlmp_grHUw9pZPF3cS9RdeFTTK1najDa5V8x4iqg5EQq0O70_RQxgUib9qoEotdg3zEzt7iqpANtSASdIwxhYQkcxfiXcEQyYxdvuJKQMaY8zJbISOUjOupBxXS4Gtd-3v7321BQ9iXXhA5NIRIS6rGXRjlKHnAUTRgD9yIDNikvE0nu6aY3OWdgi0jY5obB5Bc7PeAxDasTu7mtoG1LI3on17X2hQYGxETm3fdrYXOXFH417MSu7NlDTort7V8AGfo4t12VimcgBY4u0-rFPhRFpkS&xkcb=SoD36_M3so_GbMzDIB0ObzkdCdPP&camk=UoKtGZLa3XLw9-q_8S_FMw==&p=5&fvj=0&vjs=3,4
Backend Software Engineer,100MS,"Bengaluru, Karnataka",https://in.indeed.com/rc/clk?jk=538f4cff17590087&bb=45DdmucD4sKxCSov28jcMs-m1jXk90AK_7fGfYdPPyOA5t9RECfOzMcAD0r18YxA-5tiRKWStAS-785sD4OHiHmCWLaoVjXzkSZ7JD-19gGGwd45dhgsGRoiqYEzKj5Hp4EZEXDU_wf3xgpSHTQ-dA%3D%3D&xkcb=SoBk67M3so_GbMzDIB0GbzkdCdPP&fccid=789121c246ac5cec&vjs=3,100
Jr. Devops Engineer,Fiftyfive Technologies,"Indore, Madhya Pradesh",https://in.indeed.com/rc/clk?jk=bf9c9e5322cb0a13&bb=TUFgVB_wuqWcZYFiW8i5ee9ANrzkz01OCFmUQMD_siKn-ovyBpZ0sx1kG_zjlEBjZ0WUxXqW3UZYRERJ7Aqp1O4OGv7HHZc5LcpOgj1ivQJ3KP3NE2YCYcXcRQBW61dCxEw-EeZPjoL59sm2UqPl7iu_IGpuV0_B&xkcb=SoC267M3so_L2Mz5Qx0DbzkdCdPP&fccid=6a13f33de6c7da16&vjs=3,2
ReactJS Developer,Bizdesire,"Sahibzada Ajit Singh Nagar, Mohali, Punjab",https://in.indeed.com/rc/clk?jk=a97cbf775f83995e&bb=uj_fmRQgIHFmWF9KMo2OWQGSFiv1lwMhQnQLjtx9EpVSuEkNjYPNRHjarMjtoBiJZGd_u1AKq04veEYnfax4P9PwR_T4LvsPFkWfvNWMY59cmuRvuYsrub048XOwqhQ9S_ZkcDDslxT_kbhXT3CTgw%3D%3D&xkcb=SoD467M3so_RIrzNWJ0DbzkdCdPP&fccid=e1d8d827c2a4958e&cmp=BIZDESIRE&ti=Developer&vjs=3,3
Full Stack Web Developer – Angular / JavaScript (Full-Time),Travel On Ease,"Shimla, Himachal Pradesh",https://in.indeed.com/pagead/clk?mo=r&ad=-6NYlbfkN0Bri6hXoke6M0K-SBwlfb9UZ_cmf3FbxNfip9-lx7yZKxgqmpBByuBruH_qLN_0yw4M8esTQSJYIYFRvxxDlrgGRZUTdl5m6SPWrsTuYiC8__O2910ziwUFJvOkQaAEnWstYjh0G-8kl9Fc1yO619iXsZbSMgzMCoajdWhUOknVy9xC0HuwFOF9G4imuTKtsRSRvtV60HOq9rbCTnv4Thc03Ru5PPTT6O7L8biljilAaWiG1obpvkTqqjR4a5h8FVPOznQew_sNNGc4QhVYmUPns3jw3z3ntZBzp6znlRyWBgOLJTOH7x2JV2m3XUEs1DkJIPyAVI-zHTq-S4gaXPlhX5de-KIhaOWAXmuHB-Gf1BMsex-tZE_B7huDG2sjsZwybCgAY465kW3KmX_-HZYWQQOx-ntphX0n2Gm_-FBYhVJA1K_zCT8VFS1QdGESgnqyknp4tC5HOtJXgTaXOF0zcf0V0yYvsSZge-T5Dab_0SVihkXV1SpwSL7Pm5eenIyyetK77r7YFoVJ2mxTP_V7LM-zRUKP9WqLZA1uhhcD4D4uxpXqko2zDWlZ6ht9q5ZxVeylwCM-xsk6cqK-kgXHy4YE4s8HkakS97nriNwLSbLOeCziwbwECOaCK90gzPsiTd7bT5LJ6mut9D-cca3zjMBXf-uOA2XZBIqr8qYUD6kcGUBnnmEB0TnHq9MbNce-UWtOTWaI1Cu-jHdwiI1juOZKQRudbfU=&xkcb=SoCw6_M3so_HLYT5Qx0GbzkdCdPP&camk=UoKtGZLa3XKYa7V1Kc1DWQ==&p=14&fvj=0&vjs=3,2
Full Stack Developer,Teamified,"Pune, Maharashtra",https://in.indeed.com/rc/clk?jk=a6dd7232a64b06fb&bb=rjotZhtsrbh80jQe70xZMmuBTLedwZ_o8ca_5UzRtjsOsG3YlwoWkEX3nWP60tAFBrhfKzgWhCJI_Vrja1ofkDm6yaR10t6Z5RXOn5j2qzv2Bv_OpJ8aWG3K_vS4NQPyekd0FA_f2okIQNopTd2eodyeb3atJUl_&xkcb=SoCX67M3so_Z5pz4CR0BbzkdCdPP&fccid=e38696d2ca85738c&vjs=3,200
React Developer - 100% Remote,VGreen Technology Solutions (VGreenTEK),"Bengaluru, Karnataka",https://in.indeed.com/rc/clk?jk=bd44ca1152f80a89&bb=prWKU9PCEbtXnhh_2oWe3aaA_bqSDz_jYsE1H67clHIePo81HowBPKRERD3Ru-cYzu8PFiQVfV3hoSI26oPC0hatagrKvL94G8hwYDQkRIGOL_Stbx6Ogda6Fx2o3V8G4tUr3oQ-gdL6yAO1OAPVF9oDLNV-z1zi&xkcb=SoA967M3so-9EIz5Qx0KbzkdCdPP&fccid=530715c940d2dea8&vjs=3,8
Software Test Engineer Intern,Lifetrons,"Baner, Pune, Maharashtra",https://in.indeed.com/rc/clk?jk=5c5b17d8fa27980d&bb=R6WmyLcojGYwg_g6YrkUrLbWhwRMX5X5kvSsANsiS-reOjbuhb0G8PhDDn59cFE7EExN9RfqoqUXLpnQRDPasn0p7e8MZrZgw5C4-QSdBCE2ByC0YDqiwpyEdRMw_6x8S_S68-FL8QmzsDajug0uWRUZ_ybSn3MD&xkcb=SoAi67M3so-36QT4950ObzkdCdPP&fccid=619c037be8601fad&cmp=Lifetrons&ti=Software+Test+Engineer&vjs=3,3
Python Full Stack Developer,Technology Next,"Bengaluru, Karnataka",https://in.indeed.com/rc/clk?jk=6b13089230221df6&bb=gDPwxt_vjA8uFWh_o5bzVSy-Ku-Vl9F04oDWhVRj9Is7-JM4pS7prRRsinRH-Nl3ZgGUtoYPECCRGy2iYQQhERhJDrnAqXPD-10xjPeTKmmysSgKWjwzVsR40rU9_5ti_ot-1cFEKOwQ--ctBaQaVl_TmFJ5RB1W&xkcb=SoCU67M3so_WRjz4950AbzkdCdPP&fccid=b104fa726aff7545&cmp=Technology-Next&ti=Full+Stack+Developer&vjs=3,5
DevOps Engineer (AWS),TechBiz Global GmbH,Дніпро,https://in.indeed.com/rc/clk?jk=df93baf775900ee9&bb=9_ldKAQlT0XaQXPZNzDmkhXcCrNrSJbjOv3g8NXEb8I7RBeJiQRqgX0JfU7Qbxaip8E6knUke8k-MfrUl2a0xVkYDNcyGl_SgFy-eOjz7bNyWW-QiAXZegaa3-d7FWqhHMywzVC3O-h4NsMYDFSy-dYdRLtUcAnr&xkcb=SoCE67M3so_M6Lz5Qx0AbzkdCdPP&fccid=bd7c01355bd34084&vjs=3,2
PHP Web Developer,infonetics,"Kolkata, West Bengal",https://in.indeed.com/rc/clk?jk=15ae65d7f84771be&bb=rMN2YsgjQxNXydj8GMXQ2oYZrgIW5G8KzRHIpMszMlkMoFKmpiyU5aQWoletZcMxm6PGPxf0oOqejmMhEDQ1lXYsWnglCgg4vju1nKB8Gzb4QYel6--bvN9Qhtewl2ERlMce1dhOAJ6v9nSRANcMecrOSq6Auos3&xkcb=SoAP67M3so-xHkzNwh0FbzkdCdPP&fccid=35a01550a7727a27&cmp=Infonetics&ti=PHP+Developer&vjs=3,5
DevOps Engineer (Terraform),Gainwell Technologies LLC,"Chennai, Tamil Nadu",https://in.indeed.com/rc/clk?jk=2c0c899936098b22&bb=gZpv2JIT8z2XggA0JYaJvrxTnxuqtGnkEp8NUuSj9gDBt8-8S-sRG4nHFSbqb4KoRG6s3GVGZNYIow_3DHNTl3u4XFPkoxNUmlMPDAnAZ-r8HJxVX1fEnVeQhk4rNEuMboMkfXeooTnPH_PPQMEuPhjUXNGPk-Dq&xkcb=SoBf67M3so_LH0zNwh0GbzkdCdPP&fccid=515bac75241f15a3&vjs=3,6
Software Engineer - ROR,Onit,"Pune, Maharashtra",https://in.indeed.com/rc/clk?jk=111f68344f729342&bb=y9W3igFDqjlUPDEkkSxnA7-pgiyDK_tB7xsJ09kYd1SLPUqQIZk-ldk3g6q7r71OukkBX7zUHPqI8-BTKE0rEo4P7LEml1DbHZ7krpNdnELiZC7yzoGfR7P9Km-EdUg-hqpwgK48PWhxa5nlIC_eazdjlkavWKYf&xkcb=SoAk67M3so-23jAfL70BbzkdCdPP&fccid=9019d8d6f16ee198&vjs=3,4
Junior Data Science Engineer,Blue Ripples Technologies,"Thiruvananthapuram, Kerala",https://in.indeed.com/rc/clk?jk=dfe9502c53a467c5&bb=y9W3igFDqjlUPDEkkSxnA1VIs3pVgZQCUrLpC0g0-xRae_1szQ5TLbggdr2-lP0kbYAZQjWx1MWKqf3YheM6vfWs_GGdLiE9sbwGTgV3IWEGiOdXbWQ8PxMSnT5WCPujM-L1M4mGgN7BCuV0MPtJL-9UDbZfQTdG&xkcb=SoC567M3so-23jAfL70CbzkdCdPP&fccid=781ebaea7b28581e&vjs=3,10
Contract Engineer - Exec Fwk,Quest Global,"Hyderabad, Telangana",https://in.indeed.com/rc/clk?jk=02374a4232588617&bb=R6WmyLcojGYwg_g6YrkUrEZ9vqM4B6JXT66NJSzIYRyrqv6O8cnHVQ99sRy_dEdUJBMIoYhLwa4tgQ2p72Ljp7YFhPt_Pa8tKGCISi7ejFLP8EOFYGq-P77U_nf5YUpHVdTcCLVtY5NnHnPoZr2hW7rgdAnx3XYh&xkcb=SoAx67M3so-36QT4950KbzkdCdPP&fccid=ad3813e46e9342cd&vjs=3,25
Shopify and Wordpress Developer,NetScript IT Sevices Private Limited,"Chandigarh, Chandigarh",https://in.indeed.com/pagead/clk?mo=r&ad=-6NYlbfkN0BxxhDEocdgtyq0gSDCq7UG1wAjRp30axr823ZONJMBPtmoqJMC6PhVW8yRhdrsVyoDaqpTZYRnJO0B9mJfihXb0CMY1L9ZM5ny22VyPBn0c-T08r-qh5QRZG1HULZhlUMttojB15iuCCeOcSeLagUNx2wccc41R_wqYA9V4eGmGrMp1jv-GqtNutq3LeFFBkiEDeHfKeKy3FILUh1HOWr7STW_kOEMQsJTAPVrPsQ8fQO9wwUaMoCZw2tiWDNrlqldryETPUFjNQCYm9kEpnCv0wO8lk-Z-LItSattgLlAzJXK97K_SqvREVVXRzkMQQXuZnAzX9Kh4N9jgX_zZA8zq5IoVgCr3TmgMkOnupdWCnESCwrx8FX9hXEFmG9KR9y5uoWrYW7Sr-EYNQAH-142aRFx5bwnqtSQMzMfRriTAR8u2I5yKlMazyCsZU7siffEFKIi18kUd6ZhEHzI9Fq7RMqHtC5R-m_y_BAcY5qvyETIUI7wfrpAIzelbeuPE6dhhwBYY1bXDj5aqBvinOhBmprfRiNFNZFzdf67VcKE6cW4bCrd_nJwd7-WDFPg5-IL3ukfxIRodDY3wUKiPhqjAkxOfM5JyHCO7-c58b6ZYdHz7osJOn-tLbsKC5x0y_yQK7hmFwEWr9jue_Fxkjr9vQ-a-FsTsVhJwqe_ruwz_AYOfj66lzitHLd5yFZV8NJ1PMBzkkZLkhCjj0iBd5cq5M13gDCyiWs=&xkcb=SoBr6_M3so_RIrzNWJ0LbzkdCdPP&camk=UoKtGZLa3XLFAoBeizIZJw==&p=0&fvj=0&vjs=3,2
Full Stack Java Developer,Nexion Pro,"Bengaluru, Karnataka",https://in.indeed.com/rc/clk?jk=6171e1d2bfb4aff7&bb=09GQX7Zm5EgQ_AaUXvPkqJwtIsMo3yFQpUNbeRpJ-aUDzhxs8BR8KuIYR3YPS964ErSlbzoIWHHnvUudBKW__LOv1sKDRL9MxOx3Z68NNakifvWxicicH-MDUw3wY6bmNhWlHMm3WtJa1bazrQRVd8DKgK7Q93uc&xkcb=SoB267M3so_X2xz5RZ0IbzkdCdPP&fccid=1df6e7dae6886332&cmp=nexion-pro&ti=Full+Stack+Developer&vjs=3,10
App / Website Developer (Freelancer),G-TEC COMPUTER EDUCATION,"Anna Nagar, Chennai, Tamil Nadu",https://in.indeed.com/rc/clk?jk=0b759de35a8805aa&bb=xnlFIaQtZp1N3CfrFT1Lxn8c9JpO7x-0F7HUP6bhYrQ5l0vJOaoKDwa8AcCGETS7PZr90u8KbQS0LjkAJz-3J0BKiW9Hkvb-9BUTnY3CZSYA1VvxEQCsmdDcE04BqJy8ZMUuZk5FZ84mxhgdlMcEdzz_Zno1jU-v&xkcb=SoCA67M3so-yd0T4CR0JbzkdCdPP&fccid=1cd16ddedba5c9cf&cmp=G--TEC-COMPUTER-EDUCATION&ti=Application+Developer&vjs=3,15
Software Developer (Python),Siemens,"Chennai, Tamil Nadu",https://in.indeed.com/rc/clk?jk=5455a35cdd565833&bb=Ud-kd8b91W5M0WMKAvP68wEXL4n3mK8QKiMGgbTFNPJxlPExMKaAySVGabQEkzjzN4xPPpu8UwSwQlRisIrZVj-w-NoT-bh0ZrDQ2b7te3W0iLFoiIwR5Ywi9HurpuJwGOlZb2DA7mCKGhCryjgpnA%3D%3D&xkcb=SoBV67M3so_eOwzNYp0FbzkdCdPP&fccid=ea6bb53f0b18b8f2&vjs=3,480857
Software Engineer,Uniphore,"Bengaluru, Karnataka",https://in.indeed.com/rc/clk?jk=7845f0ff666b2bb1&bb=FbC0l1oWVOCYf_flo1GR-vQyS4nJFBqw0HMoqf4tBPsmLDZmHPRcp7-MSX72Rxak0N27D7nht0gy6M-CQklIL8lO7jG4i-ZvLB2r4oNNJ11s05_rqT6PWhPXPe_DfF2s37FaZuAzxJVQ6ZO8t87_sMFyqfOceHNg&xkcb=SoBe67M3so-44TT5RZ0JbzkdCdPP&fccid=34f8c7d77241eaa8&vjs=3,2
Devops Engineer,AutonomIQ,"Pune, Maharashtra",https://in.indeed.com/rc/clk?jk=5e9f9d573f3a2d1c&bb=gZpv2JIT8z2XggA0JYaJvl_UHjpaI0M8BLKu3BmEFpWvGU5G3tMBxnJJuJoD2av1tv0WUA70L0JrZ7j4GCcyNryN4Dx8fsFmeqYiarSp93_pxLVYRCEfYbMr3cIJllBDzDxoozn5VkHqrrd1UBcFSCxa4ZxLzSt9&xkcb=SoBM67M3so_LH0zNwh0CbzkdCdPP&fccid=6ff43cd834f7ccd9&vjs=3,50
Ai - Python Developer (WFH),Manar Al Nujoom Co. Ltd,"Technopark, Thiruvananthapuram, Kerala",https://in.indeed.com/rc/clk?jk=33a4c53c18390d5c&bb=wvbNIIonOeyrYDv2ztIKmBigjJjjDE8AgDBHp02y6WJfhtTjQPAX-DzkdNxnGjE5Bfbm5jjMfH3DIqRw6-2NksfEf2bzfSuioGb7lEjcBjckEumboICoOEQM-DTW1pt5xYiEevnQyFf5qU8_rFLp7RazqNvUbbss&xkcb=SoCP67M3so-_I2AfL70CbzkdCdPP&fccid=46ed94f6410e4931&cmp=Manar-Al-Nujoom-Co.-Ltd&ti=Python+Developer&vjs=3,5
Cloud DevOps Engineer,Virtusa,"Chennai, Tamil Nadu",https://in.indeed.com/rc/clk?jk=51f5dc44b452ef9e&bb=gZpv2JIT8z2XggA0JYaJvhvXpVuEYqZh9JYYeDW0lWvHm6NY_oZxrvYIje23v1mktG_ceq9nyPVqupX65wPMY8pL0A_qALJTvsg4r4s0hbhSAXAvuvMRXcAdPK2TxIL1nwuffWnpwJTXzMfkEnoWBfUuYW3cdhg1&xkcb=SoA467M3so_LH0zNwh0ObzkdCdPP&fccid=146443e77d8c0778&vjs=3,5
Web Developer (Freelance),Glocal Marketing Solutions,"Vashi, Navi Mumbai, Maharashtra",https://in.indeed.com/rc/clk?jk=da7eb8165ea5cac9&bb=7kU1n6X0DQ_T_7m_6Sa1uy8xhichsy_9ixUNWHhh0uETuBHqO1C3JddfvNx_L-rZcLyAyi1wbrUFDQn5WG4w5bMiPZeeYvfnmm94J71GRr8wEzYbnDrWwnwLDD1HEnwVvcbiTOKyCJcACztXPNINLC6i4Vpgtp7P&xkcb=SoCg67M3so-y_NzNYp0JbzkdCdPP&fccid=d80d9f5d8d3373e9&cmp=Glocal-Marketing-Solutions&ti=Web+Developer&vjs=3,360
DevOps Engineer | SDE - 1 | SDE - 2,Fynd,"Mumbai, Maharashtra",https://in.indeed.com/rc/clk?jk=56112f30d49c7cc7&bb=TUFgVB_wuqWcZYFiW8i5edXXFChWIerKVE_ezGzNHJ8h_c6RpjV9q4rmRyvvp374nR1R2SAV4UQi8xJJ4onFMenPYUXgdBgbLVez-M5MSsqk68EuXezoKeJz5QqY-9E6pZFKATNYyvt3k_srzLxY7ZXiii_OFp0O&xkcb=SoCM67M3so_L2Mz5Qx0FbzkdCdPP&fccid=c912b23e7034cc9f&vjs=3,2
DevOps Engineer (Terraform),Gainwell Technologies LLC,"Chennai, Tamil Nadu",https://in.indeed.com/rc/clk?jk=870b4d8948da85cb&bb=gZpv2JIT8z2XggA0JYaJvlWImPdc23yqrgJCrY-jPOtuOLZyN25EUsR7xTjaPUWrrAbUWUPRFK2_hpsM8_wMb-rzlmV5PyeEetUiP-6c0d8q4s6RdZrzcEv8sbbictLg8R3tNG57vNyg6p3l98bmdr46LlxMeysO&xkcb=SoDr67M3so_LH0zNwh0HbzkdCdPP&fccid=515bac75241f15a3&vjs=3,9
"Software Engineer III - Blue Yonder , ITC",NIKE,Karnataka,https://in.indeed.com/pagead/clk?mo=r&ad=-6NYlbfkN0CLAFIAocNJ4Wfrhm82ciahvtobYpoaf72Vrs-CtZeLT-trEu8EEwIc6NSOQ8Op6QKwiFXjB9cTb27nKyYyk5ArnyZm0ZkO9li8HlXYtySCCSoYfmzuYWwAsWlHW2mtIlrKOP0DA0jtUOgJknYTkgODMIc9fl9SWb3JeJ4s_ESrLjEH6dSgptEdopgTmOs4XevJ2BP2FZjYr4LszJkvZeyMQAyxP4y7AdjSrQ3p33f6dWvbhHYEL5EOlFlawiXYGKqYfRYYMOqr7He8pYF8YhqOVHtz4HwljCSS2keEqWlI16HVY4GhhrgM1XXJDTwsP1RBbGma8R54NCXyxuLO8-Sx6xjhTevf4V8_03JjWsQuqwKSqC4bO1cKLCH8LZ1TuAACz7aQtx5SwbWudnVyJs70Zq7KWBwiZJYS_Eb5ksJp9AoH3azS17DD-6zmIRWmgmE1icl9-XLHXUeVc5YNZw0Pan5DW07YNRvdqd1d6sf2KRmB09Pax1qeOFej3GySESN50HuAtm6eFRVAKDZQlqCnQ1C3QPjaL4n-tjHUGk8x7Vfk965MTmVTYuIgFMtszcFRYBrHj9jWT3PPdRItLI87NnJhilpAr2iLMToSpLeKg9K_n66xmTHvNzzcpCXMK4tTaXm4qJQGMI-QpEgC3VTLwZjkgxs8ttYf-P0ofF5IuA==&xkcb=SoAk6_M3so-44TT5RZ0ObzkdCdPP&camk=UoKtGZLa3XIgFQ6tX0JIkQ==&p=5&fvj=0&vjs=3,5
Staff software engineer,BP Energy,"Pune, Maharashtra",https://in.indeed.com/pagead/clk?mo=r&ad=-6NYlbfkN0AJuMufQUticbCEoYTKm6Qi4JXfmZ22JgbUMD2ChcmVNK_btDYk7qbIrOFLNLEfdYoo1mgJWHVsh44N0Vfa-U3Sem4C9R0YEpomUXOX0QVBWxPGa5djOo8OilS1MEJDk46Ge-qRWVt5ufk1JdfhXDOGFaB3jPkrevkilmJc-71lLO7XWtkByt0Fycpg1i3uOfppj2IIICkx5APLGVX70-TlmVSr6xwKnec9A7Bm0RonNIB0mGcvCYJiRnP483IMgzzazAO7noZRCS96fIgK2gGh4LOYWQQvua6yxYWr_xg8EXwq4-JEre0ztpzU6_om5pl0w1b57n4bcEn212c_L5uSGxiBg5GFLogYhsrnEHPYWluC98uB-SKSvM3E7FgQZnX5B4t30A_kc0caH9rK7IMguIoJ0X9iUTe6Phky6GyoLve7uqvavRJgFl_MUwDUVvxGPQFIoCIC-fokfPSLUgJajST9sw-ki101oN6MIwYYvVLRzPBGoW0d7Qcr25EyW4cv_JRDNg-gyk1K5_ABE_NNKhTI8otaPnhraiH6YR8sRqLWPqEzlSq8dZpBMcl9xqXOSqyiippjp6dClcl3QIfBu7FIgTVI0Fqahy4hATxISYsct_uxRXMuInAPq6wDHXewLGSs02Ckcu2cvBhuRVsZmt0rvO-D6wMk35gr9QIYrg==&xkcb=SoBw6_M3so_HLYT5Qx0LbzkdCdPP&camk=f416UQcMBpACaTafcU4uRg==&p=1&fvj=0&vjs=3,15
Java Backend Application Developer - Assistant Vice President,Citi,"Chennai, Tamil Nadu",https://in.indeed.com/pagead/clk?mo=r&ad=-6NYlbfkN0B7UYL49yWBrrOlEWIsfJu1HwdoffaEv3MPqVgUrdyA2rAcZfAYGUZxFZIkqiRdA206fL7mYxUyZM-Yg7fR-qu-iVWqKtxGLxRofq4_7-OL1zisjr589P3IbGXb8n7D5XlGpHfXuDqDWlEeL3Ar1yoZg_L_VtkxMeMi2U9ohx1aaKKklL9KiIDkVCuPK4MtafasPt5bRGyhxYcbYB9vgNXy48SBmM9sOWhxydsk5DHEx1nLG89YbIi-wj6C3ln5HkqLIAsU7CxgCDpBj_T4Hss8XWHBZf2Tg6JsQNjL52xUyzYfrifLQXpZggcvrFXSRj8aqe9lXlcktZ51xevQzZt91chPInj3t6qk_MukC2Y5gCoyHGQmFwoXsJFucfOuNRGDY9W2upWfLJjmjxd8ppw3iQgS-_BXNs_MyxHf71CPNZkOrr1aZrZHRA9O1UZxXZh5l1FzbF9QNVXqblSjZNXFBy37cOhlT9u4i-Qj81tHMgdLrxF3HAcmBhOMVfl_oKS_yYmhBnHrWPmEZgRLFvtB7b672_NvSwJkTYcdCaUfSfhpRSqUz4TjDR6h0ItJE_08oh_4QCyJ1dLkpvkHOeXSrH5umb2P3B3jM4_U71Kxr_oUYFD6obBZpDlHT5Br0sLg4LphMdCbhe2anrqd87EAL6dhFkT85O-zoASQCqr7UfC1RBDy_T0Qzk-OiuN8Lrzsgisq7HkaCu464RSgAq-qVmokovlCNlHspd652en8RamocixudaJoY5kWdAQXsGc1vd4LyM6U6f7cpbvnoIzqiG2sbH836kn7InZSa60-wd8geZmOTBgs&xkcb=SoDB6_M3so_AN3T4ax0IbzkdCdPP&camk=UoKtGZLa3XLw9-q_8S_FMw==&p=3&fvj=0&vjs=3,7
Full Stack Developer,Hello Pixels LLC,"Kochi, Kerala",https://in.indeed.com/pagead/clk?mo=r&ad=-6NYlbfkN0B9TnoUtX8hYSZS0fMwbGnXPKUbpvGmPN1oCq7aBvX52BJGl5WhuQogBWk1HwmYPG64RBiL0JemXnS_oggN1mVvfUV8-RSbRXkQ9WGgGIHUQtIFZrsUy5cuSZWtx6jv8A_vFmJB1eELnru4KhlCi8tVeRnbyFomy0sR1s_W2RbuDplegZQTJMcH4sJfp8abN09daxNDDV7TVj8eXBI0TOMlhxivzAAdiQriOKSwkXEOo55jJhZrVPsBAUu3g_QPgU4PmdmWFkIMVhcgBZV61R2Snggd2eGYIszY_vDS8sCLcGGHUX4_FjGPWf-CDbu18ltSy1RPE9jpDsK2LAci6__07J8BspLoAggTMYIRqhYHDcRw9Vr7i0Jo2g6XFjdk-SYi5p_dmPFISk3qoNczoIvRTb11xfePSyHX2idwhtCHEuwTW3QUy3yfg0q_fQhgRyEKepiTGDnkkovQRa2CoQ350OEUjmf-ZApmYSJIaE1bL9mY_t6gYffRB14ac2_jD4Y_AsWyD9rVvHV0_doVvD-e1fisL14e8eOQVzQx_7RDogWqJ-lwp2pKfukVziBWdiB5RSmAkaXePBxS72tQ06dfEwgMPygg3htV9ZWx0-kaIEO4fI2Moz3ka_SZBkAiLGM0gn-7kOZHN0SZcNI-yCQjoC02ttWHnq8-EL_cDYI32y3uwBFGYhv5&xkcb=SoBK6_M3so_Z5pz4CR0DbzkdCdPP&camk=UoKtGZLa3XIqKKeRuXhUeQ==&p=8&fvj=0&vjs=3,3
Software Engineer - PCIe,ALIQAN SERVICES PRIVATE LIMITED,"Gurugram, Haryana",https://in.indeed.com/rc/clk?jk=0d55954281638c24&bb=a1e-H95iBsodPNkR_3ZjsqfeRqGuEMqhfcu4tSHBF5EXaNbAbtg-BJtmUNTLLI_rgNtF6Mbnt42eGWNdse81PO8P9qa5t86wy6EHwwSMpq7IBOc-9M0FfEmeIgb_NZTtKi7N8vocT6wU7ExAuJdljQ%3D%3D&xkcb=SoBl67M3so_E3KT5RZ0CbzkdCdPP&fccid=6b036905d803eb7c&cmp=Aliqan-Services-Private-Limited&ti=Software+Engineer&vjs=3,5
Software Engineer - PCIe,ALIQAN SERVICES PRIVATE LIMITED,"Gurugram, Haryana",https://in.indeed.com/rc/clk?jk=0d55954281638c24&bb=FbC0l1oWVOCYf_flo1GR-tstVmSsBX_GkTDhAq2xCQMSyeWsFAGkyYNfpKm07dT9LY4f_PCQxN8i8Yc-js4WAwGlgs0SGnKLwPNudnydoOwqrsbXC2u0Zf2-jFs2n9u6TZ6MCSq-D1Se1G7mIlfptC_DFSzdrKlF&xkcb=SoDq67M3so-44TT5RZ0IbzkdCdPP&fccid=6b036905d803eb7c&cmp=Aliqan-Services-Private-Limited&ti=Software+Engineer&vjs=3,5
Python Full Stack Developer,Dinero Solutions,"Gurugram, Haryana",https://in.indeed.com/rc/clk?jk=bc4717e4ef9bd04e&bb=rjotZhtsrbh80jQe70xZMridVlXSOs3FkNbLK4W7P90e5EfL8VP8yrtK1zYjs76Lq_tTRmC5ojugNbUoOYAz0pyjSUz_KaS2XVFBdy6XhgVse3_tcbtSQUqaicTXgN2Hs69W-3Fh52fVNrPpo99khTRN7z5AP4BT&xkcb=SoCE67M3so_Z5pz4CR0FbzkdCdPP&fccid=7280c7ae64d27ebc&cmp=Dinero-Solutions&ti=Full+Stack+Developer&vjs=3,2
Junior Python Developer,Dehazelabs,India,https://in.indeed.com/rc/clk?jk=fe7d8ed37b6b776a&bb=wvbNIIonOeyrYDv2ztIKmAbF_1mztex230Z-Jypzt0w6wLH7hKN77bQmosUpXb0EWHYqCORt4vtmF57t2N8PbkHpUJE24YZXWAgryq2TDrt-OfRh_nJfACkSlfsCKDMbqfFTK7vr4Tt9riaZEdTh1JVg_EIH_3yQ&xkcb=SoCm67M3so-_I2AfL70AbzkdCdPP&fccid=65db0f2615a5f987&vjs=3,2
"Engineer II, Software (UI) Contract",Advanced Bio Mechanics Pvt. Ltd.,"Banashankari, Bengaluru, Karnataka",https://in.indeed.com/pagead/clk?mo=r&ad=-6NYlbfkN0BbYi21D98EXBKQO-Gq7NENmWW018hMQfeU7qQ8i_W7bK7t6wCAAMpJHZGSHTsxnK2A5OWmVkEjNZ91Z-QmvHUjoBJPetiGFzFWkCqKI5VviJED6Q2WuTCxAxx9kBDTJQUqh4eOHLQjkWj_8MUSWR3fhP8TG8mqJA9mFKxRJpCeVxITv4ffcLE0JgN90FSsW9-x-2hQSY7BZaifcBedAB2Dw6WSo_goqMjUf2BKvNzJvGn1N8dCXlCqhZ3uHGt_tRuj5O-DwV1Wg_dQ4XdDV1Z6mXl9DrwFPzHW3uf5FRIGKFjo5EKPKSOTtwXA-u2KEliNXCom5iu4DjSpNfDo78H_fSd08MxGfgKcWylT8pzLy2GazRm86_FH7-FCLM3H_a6RcPhuDE-QLQDd1iv0b5l7VAa7L2TYQ2R9Xd1I5Be90ecxoJo9HlJtgCxgls7bmJjEtoZraVmMBBNEkc79e88DrFQXoqH8rH0EDYcty9KzecM16iaBnz8HVg-p8gUpH9Ip9i68jTB4eI2Isei6QSEm4OKvLXRogEmdTa7Jc_OwgyaRy_pSvOj0qeHfoFX9DKTuyvoMkF4p7x4yE2laYNsXXzIN0fTomrL7x-r_HJ5TrbgmZ2YmR84R6jGIjjpG1Rp90HN9QLtn2UwWNsx93HO75SERd41IKRw=&xkcb=SoBR6_M3so_E3KT5RZ0PbzkdCdPP&camk=ethIe0s0hedBFQ5ip6pvtw==&p=4&fvj=0&vjs=3,62304
DevOps Engineer,Vitraya Technologies Private Limited,"Sarita Vihar, Delhi, Delhi",https://in.indeed.com/rc/clk?jk=d05d39a27e1874b0&bb=TUFgVB_wuqWcZYFiW8i5eQ6QYlPaiHw1jC6jnizlmuRoCgSNv4y4Hgbw_nj4FymVNQr4ev8DrR9fr7KGQjyrOHPWxy1BfzV1c5XSaYv53SClawq3MZTf7YuK4FXg9EIjuWabSBWxe8Qg2VkQCkEbqa6iNc5-5vm4&xkcb=SoCf67M3so_L2Mz5Qx0BbzkdCdPP&fccid=8902e2e622a6a730&cmp=VITRAYA-TECHNOLOGIES-PRIVATE-LIMITED&ti=Devops+Engineer&vjs=3,3
Full Stack Developer,"Gentell, LLC","Noida, Uttar Pradesh",https://in.indeed.com/pagead/clk?mo=r&ad=-6NYlbfkN0DotYN_TkMMhIhi1NmUAOQv0PdcuUvHT60xSlZ9Rw6o0j1oOGVRfGtfPUPE9ldpIxsafEna9wHBqTw4V0qeMakbE44p0Ex2xh2_0qCTHoWD-DPmFesmPxJUV8eqg1vUP6JpzVVhnIJXGIZUng9eMU9MsDxjtiMuqumUnqjFZLZrBlD_yupoGpuV6UPxcRvI0GOKXV89TBkCHBYThuUOEU4S7-Z-t5xtxJoupiI8JzixKJbR3qna4qRzWTektwibKArQvdv0m0YyyKN7tjzJiJB-4sZztwhTLxHiMeeEf0Sbo7mcx7n-zMYkrbWhIhGIUsOAWzO1qMI3CaLprOvU4aBx6JibU40lp9NDGbnuzWcflYFLI6sVA_evXbZyCtNjI7CZXPpZEOCI2zBPxWcdQTPNatZ8CGP3i8rZlwPWG-GQ2wgqFu80wso3CDEFsbybXozsejGAblT6foVycEBQGOx3rSn3vz7wNGgg61xhRjFwFdD22Dhs87GleokUvSf5EUIHjtYEAY_Ou4jXMpjeFTbJIjb4d0mqlfTEwbGVb8uHe9sBNY_SwpyXxfk_szPQU_iYWUt-39z_JG6V8RuBG7KVGfbLF_OUGpGb4D2lu_s3QaQyd0RfPIx2Wq_zFarINk7M8AQ0jyAAAUj6kllbbKL-&xkcb=SoCZ6_M3so_Z5pz4CR0KbzkdCdPP&camk=ethIe0s0heerz5KkuTcMtA==&p=1&fvj=0&vjs=3,3
Devops Engineer,Techasoft,"Bengaluru, Karnataka",https://in.indeed.com/rc/clk?jk=0b53de291b2dc47d&bb=TUFgVB_wuqWcZYFiW8i5eW-NSbMaI9bhtHMUrxN0INTn1XsylB3DIrMxRwraNWuahxUKMpKgfqlmYYXC5Z3p5VT5j4FMYZT0X7GdHErt0vuY4kIpQxF1MROXZ2fJ3u-InJecMgCAl8CHU8aNdlZW3T5P-QUwQoyV&xkcb=SoCl67M3so_L2Mz5Qx0HbzkdCdPP&fccid=615fdc88f28e51f5&vjs=3,3
Staff software engineer,BP Energy,"Pune, Maharashtra",https://in.indeed.com/pagead/clk?mo=r&ad=-6NYlbfkN0AJuMufQUticbCEoYTKm6Qi4JXfmZ22JgbUMD2ChcmVNK_btDYk7qbIrOFLNLEfdYoo1mgJWHVsh44N0Vfa-U3Sem4C9R0YEpomUXOX0QVBWxPGa5djOo8OilS1MEJDk46Ge-qRWVt5ufk1JdfhXDOGFaB3jPkrevkilmJc-71lLA7s2vBsvYlNAONSzmO03T1qV2r3ZdsL17q0S5ydS95kZ9_3FI3j2O2EzqasvPMFqmkpisT_93U6HTOlfy4sHcMGUtmOuz_RllQcSEWayY9pJS-EYjrqzs0RTeof4jXv1_M9TOrg8uxmgfq0_aOk38srL_TVwx-xMsJLvoPxvNGN5dzzlKCboRENSs97bBCx-zaVZWeVE2j73aLMQllpSsht7lL0QL3FrUDyhz3-20llsVOJ2gIFxcN0kw5Cw9bDppypaJfOJ_DMPtUGKXcW-cuClhPXgWfrUU3GpNYUhh00lMftc7o-XtmZVaLfWCoPmHcahtcLYPMh6SKnHcZJ29Tk-BWNgBIa8AtW4OFeMRbOVwCMo7yuyIgMfmULyat6dbKHgSLnW2UdXEvsqFe4ZK4ffXIc1RdLKssOBUGVjSsBq0i1X1mIFpNLGxVz0KCGsrvTWL-6kEd63T0QIUU_N0hi5OFDWTNsoWGwadC5-BjRDFHG2TCJrESKlBHMvBBTvQ==&xkcb=SoBm6_M3so_AN3T4ax0NbzkdCdPP&camk=f416UQcMBpACaTafcU4uRg==&p=6&fvj=0&vjs=3,15
Lead Frontend Engineer,Aries.com,"Ahmedabad, Gujarat",https://in.indeed.com/rc/clk?jk=a6a31d68541bfb42&bb=uj_fmRQgIHFmWF9KMo2OWb6EutO0tTiMT-IUbj8woYPcx_sfSuMp96WGl3Q4dm4nxCqmL0e-TdszpKYEZl8tudmd8BRiviLXYJHS3LP0Uk6-3mDpvUm0NQkUucqxbv3gpIn04APDvrJeio1nC_h-sw%3D%3D&xkcb=SoCM67M3so_RIrzNWJ0PbzkdCdPP&fccid=460d6e9f70040832&vjs=3,14
Frontend Developer,Tacterial Consulting,"Bengaluru, Karnataka",https://in.indeed.com/rc/clk?jk=66b3998dc787e7ad&bb=uj_fmRQgIHFmWF9KMo2OWUukg7rNsrVQrQ8WmZv6oPILgAAPlSRM2guac-XYfzOaRGuoA1O_D_5XN76j5btA6-YSVLQk1DRF4BWObCELGvpxZxjqm5Jhl9lNZ4HllBJYT_6oHjS-7cnNc3BWj-xsUA%3D%3D&xkcb=SoBl67M3so_RIrzNWJ0AbzkdCdPP&fccid=6b02c3d8900d3bc1&vjs=3,700
Frontend React Developer,Metyis AG,"Bengaluru, Karnataka",https://in.indeed.com/rc/clk?jk=b48093af1fc15989&bb=uj_fmRQgIHFmWF9KMo2OWUzCvK2fxZCjzQXC6UwjOnUXc5l8S34Opky5VTK8Oo4wF_IzlOQFJjfujwyUZbVFlB2G5hzVgpiWpfCDFUpQOxZYD3Sx3Vi7kuTAFSY0KuzkBAarVFnkfN_UmUY6WyTiyA%3D%3D&xkcb=SoDR67M3so_RIrzNWJ0BbzkdCdPP&fccid=07f0c00445284d36&vjs=3,3
Software Engineer,PhonePe,"Bengaluru, Karnataka",https://in.indeed.com/rc/clk?jk=560e686d312dbd8f&bb=FbC0l1oWVOCYf_flo1GR-lnVWwbbnZ9wN5pZNdGcDPKbRtyR-bg73RxhtcofwwOdusiiASaoGB1mH85nTKDQhUkEZ978m6mYHwV-1_0I4ejyttMzWhxHvuE9tDDyiq0KdMSPhD0IVrDNCucsSzoI2Z91_pERTEh5&xkcb=SoCN67M3so-44TT5RZ0AbzkdCdPP&fccid=9efe0489759405d1&vjs=3,2016
Azure DevOps Engineer - 100% Remote,VGreen Technology Solutions (VGreenTEK),"Bengaluru, Karnataka",https://in.indeed.com/rc/clk?jk=00c85e21d660b783&bb=9_ldKAQlT0XaQXPZNzDmkgWoqHbsfYv6M_1vYeSpGbr5oF8GgoRAU8VpQdPmYw6JJVJqFqlrdBz6WYVAzytJiIyuw2wzg6R258g1Op6LiBt1ELR-Rrh3sFsXTxfYaOxnLVAOg1R3c2Lm6sdaGAQyqU2P-2w82XnD&xkcb=SoDw67M3so_M6Lz5Qx0MbzkdCdPP&fccid=530715c940d2dea8&vjs=3,100
Software Engineer,Ecompapi Digital Marketing Pvt Ltd,"Delhi, Delhi",https://in.indeed.com/pagead/clk?mo=r&ad=-6NYlbfkN0C20ROAqk5-_evCJzlETOeG3ImnwlQPE9riDobgpuLGvcANHFSGLfOyMMjX8NLe6Lt3pPd7WrO7w6depE6DzBEFoHAaN9elIaMt06qTf2dr6noSpFpNLyi2W2nABpZcQKV4ESMTLnxHyy0LOmEnOYlpi9gy0-_5-7qW1E7aMQkPulg6V9CXaw4V2_92kTYP2Aj6RMlyIxjJxC7llUDDYxx3dbKeScl2VeTXmi2MPDDQRmzR5PY2MuIIUqYl5HX5F3R4UFFcJLr8pSENUn07XtYrAnBDBEeGkkn9qD4SzxXh1KS_Xowod_EQtgsjraw43EbMJJuK70vjs2sORzLdhrWrIPeU2pAPSWJ3SKyhq6PGk8zW-yz4r15lJzTkkE3Ho8xygXSDudo3YKUrbykTWPoocXJgrcMRymeJCBi8tnGqqCx1op4Hgw0mEoGzb5iWCKujI_OXFEYTNDRLQ-BC-2E06nAUF414fPMJA8ve4Yj71RfAKFHbcaEyeCyduDas84WraU4ZAE6ppcH4D3AwabYuh3HzW3UqHCyjn9GGxA06U1S1dmxY9LqEuYKj6mTalWxe8P5tt4zECikcYLtpvjklHTIaVcPV1gZk3pSWQ36IgsErduIpfQ-GZaCZpQoLxkPk2X7V7ErUog==&xkcb=SoCO6_M3so_fG5T4950PbzkdCdPP&camk=UoKtGZLa3XICX4Yapr8qmw==&p=4&fvj=0&vjs=3,2
DevOps Engineer,Hexxcell Ltd,"Bengaluru, Karnataka",https://in.indeed.com/pagead/clk?mo=r&ad=-6NYlbfkN0A-vYd2qsBd1cKXAS6oFamBclnwieXe32kUegXM3LYUIM_3elnbrqF3eY19ft4na7u3nwW5g4WN8vkxlJs-N_9Ow_WYGI78Rhsty87ffJ_FGAV6Y1CPtbBCUcpCmE7FreSyD9UQMO8PSPzt5ZTlQVmuZqdNq7Zqtr0Dze3DYljUEihWSX1Ed5r48-wkmo_cEQEOCPrz4Qh7d4IrXAjiTczU25FrDXs0y6KTST7NIptUw-oLdHmhIq1kuakrV3sdW0wHWP_24e9d943StzQf3m6dKtgeUvxmxdug0WLdUoLAgUKXOdHT1OqOCrHrKgTBNAEYZUodw0ktIP4REiUMmAaRO29EL6ZTaRmNoAGIPViFRA1memmApTTMXALW82NI4htDgJEMWexwkiJdccKWR36r1INgKCopA7uDlS5cb5mNs9wOq_gsQmkQxfONnzRO2mhRn_KlVjdcyqi0D6g2czwacLSlqPYTQMXt9zmsAU_PTlggcsMjs5ijbFzsq08SCYOX4Z1axkQBmX8TvRtvY6_EV0aalcUHlVPCmWlGZOtQln8VWOrkLdWcWiJN2ZFp3VqEYCsuUxQYQDKPWA8Zfh5tjo0003apH5V3GeMot5st9-w0CfRdawQoi4uMpRMCmngZ1s0O9twKFUir450Obpys&xkcb=SoA-6_M3so_M6Lz5Qx0KbzkdCdPP&camk=ethIe0s0heeBT2HZCGmOGg==&p=1&fvj=0&vjs=3,5
Senior Software Engineer II,Optum,"Hyderabad, Telangana",https://in.indeed.com/rc/clk?jk=97ccad2255ad4226&bb=R6WmyLcojGYwg_g6YrkUrNv8ySP5ypmaUwLaoIZ1laTPlmGRr_6FS64N5gFTAS1Gmz2gOoyw4bQvcYYSvfC4sB5QffODvb9WotbdXTmf2k44-7bct5KYKtM9dNb5LEN8KdtZ-lnsR28dhHpgaIc5ucs1EpNOJzRZ&xkcb=SoC_67M3so-36QT4950NbzkdCdPP&fccid=3c38342724c75954&vjs=3,5
Sr. Applied AI Engineer (Hybrid),CrowdStrike,"Bengaluru, Karnataka",https://in.indeed.com/pagead/clk?mo=r&ad=-6NYlbfkN0BJMW_X9OCLkZ04_weh8WkR-IGNb1MhigwTP7XGwrJOFz6kUOtJpmoX4kbVJ4YWSs8hul1A_w9BJWtyYeFswB5_qkM-ARBLGr-k-080SO-92SR1BCEd8cBSArZ-b5PZ8BgcgH99hdIi35woleUt-N-dYks7nncISRhllY4PX6RocKVc4giLa4Ta6gmRQZ9uGdGcungm3heV1snSbw3IlBfaiR1FllU7RgtwSGwG1uZ1x9Ydf8S1nZ6BDHr-KCmwcV1FZunNoHjnOrUQ8tw6siZZwiZVncN9ud2pG6DYReXJid0Xg9BUt87RcvaDDX-0_iXLmplBLBaBR6JA1R5f8TYN1Z32YEQzVz8GRcviVFWqWHvz0sLci-9KB-nRz3bIDs2be8IGsYCVQafUKXLsk9aa1-rvjNR_9lnUGVBP4QntFGyXMT46AR5surApEK3kQQC8PuIO4qRoGGz6DmqZyiXZukBqf2CzIXEEKAf7lBxuHlpZW-rdioY7xNWziX332jtA01SfS366FP3ousp-FJB7HfIeZXt8PwTb0b-KjSf0FqbgHpd_XJsJxgwzAwywty5iEpxLcL0kk3CGHCSMuUjBVVrhDH5iwn-gXkJitaxwrbFoU9qoBzma2nKmYCSg9snyVo4kJidVpOMas-J4BzVBtXjfpl_HKVRDVgoXiwVezPHeR_sBijNFCntEcEWJxiQYhvSahYeMWlpHFcUPcXvnvqlZcUARh4sGsVF9CUNt1t4GuuzbPtiIKNeWNY8lBqvZ8zfbQOdhfFCFkxAaRd4RDntNk7lrYhDO-h97aY9oGg==&xkcb=SoAn6_M3so--YXTNzB0AbzkdCdPP&camk=UoKtGZLa3XLQPNRgmWDFnA==&p=11&fvj=0&vjs=3,2011
Full Stack Web Developer – Angular / JavaScript (Full-Time),Travel On Ease,"Shimla, Himachal Pradesh",https://in.indeed.com/pagead/clk?mo=r&ad=-6NYlbfkN0Bri6hXoke6M0K-SBwlfb9UZ_cmf3FbxNfip9-lx7yZKxgqmpBByuBruH_qLN_0yw4M8esTQSJYIYFRvxxDlrgGRZUTdl5m6SPWrsTuYiC8__O2910ziwUFJvOkQaAEnWstYjh0G-8kl9Fc1yO619iXsZbSMgzMCoajdWhUOknVy9xC0HuwFOF9G4imuTKtsRSRvtV60HOq9rbCTnv4Thc0Sh_DqdKvOCZtqdj9qZX4mKRNADW9ZKR-PbimyBf5ZK96vNKKp6SbL82kBWoLwHj60xkI4f_9mevA-3ig_4Eapd5KJ-UPS5DDy0uVzB7Js_JkgcoOxyFqQJOKhyXSZTyGXxrnhWnedtF6j-Cm0ZdUL4DQXGGVSBDCKlRsjs125D-mfS-4HYQ-Am_o6u7nUnC9VOHx-Roh0XXjsdg_OTk-om_uan8j0PAZDM9UWI_JdcAa7Rm3esT3nZLV2lAZQG0szBzivyxLYlXKdtlX4eVRYwKNLNVbHNp5PnF_rWG23NplSmFzfGoIVjqXrnMEKUUC2aQTpJ9KShFxTgIXUdmbY_Nzvc0Qnqfs1Ib5wUdhezlhSYg9ZhnmumxxlkbERz6oaFzVni0T6xnyv_OKfznNzgLnoElTgiq9lccL01OhLnc7RvLiYaD3utC-Jq_kAGnpi4W4LbBe0ItHY5M7GUmSbztCtnQlOyle2xJoykdyxCT--p5WbcGF06E5fkL0moysVRoKpbZsPz4=&xkcb=SoBR6_M3so_RIrzNWJ0NbzkdCdPP&camk=UoKtGZLa3XKYa7V1Kc1DWQ==&p=6&fvj=0&vjs=3,2
Staff Software Engineer,Serko Ltd,"Bengaluru, Karnataka",https://in.indeed.com/rc/clk?jk=a0cce87942743eef&bb=pOy66qv0fiLVb5czJe7EOtf8doXGBfyJ7s4jmcYNVgZVCwIlGC9iK4o-5SFmH0ZHs_GiM1S2tIGEvM-c7MkvgWI1whCKZ2UgwUwC_3GRI1d4omYToy8OCS7H0P_qQQKuTOsNzMzNyoRHc6XFRomsYw%3D%3D&xkcb=SoAO67M3so_fG5T4950DbzkdCdPP&fccid=39d173a3ab2c913a&vjs=3,9
NextJS Front-End Developer,MEDIASLIDE,"New Delhi G.P.O., Delhi, Delhi",https://in.indeed.com/pagead/clk?mo=r&ad=-6NYlbfkN0An27gHlawuG3KoOZOd1XpooZ-KJ6Y-6RWqdBt0Fm0MNMlqDQvi-hwOVrhN85EOjyw3yuDJAe7ChLSVOCcArHGYzt_W-UORGMZEwYaRslyJbz1WBFMGU6agplrzMTrP64dg_qr6pGjL5pPibQYT93ogTrD-C-1f98WKbPwqruRocJ7kCeGUCurp4oijbC21IKrOWRAkUnCgNg-o0XbNM_XhCEHiaPeOZuvAaHnikAVABCp72mwC0MuIRhrQKOjc22nVS3rwOyDvnY3lzbJ4Po9sEB-j14_X8Rc49Z16TlkbSSObohoJnlIWt4fV1OZ9yMe0KsUFQwd0QLZu1SV5fBZK3gD2LJCmqI9fjNyNlDLcBmTCeXmeasoUZ7OsmpziAK1ej1ntyIZgVoCP2F5nXFKL7lcPLiBhdI5liRMl0VFalD-6gbbF4XGGiIVdDvqp2VCZSRGWPfmgFN32DDQ9Xx2_CK-X6Bpt5JW6MuIF136zrpsqqfCehLsg1hUkB4ooeyhPvcg-RFFwGyhVsUlsEnqOf8W0vLWmCUC7BrWWSQy0GdXenxKD_QupAX0lUKKCFNIieCRZWYuLv5_ToV2Db7E4tFZLpOvKeG3NjaqBGiJoV039VD1hiXpKmd2zKx0sT3HhOYPa3wGTuzNn4sMHu_Zn4NTgvQFXkW0wojhM94J2y_RjIv5LX4hPdeR2mZR8WjA=&xkcb=SoCC6_M3so_E3KT5RZ0GbzkdCdPP&camk=UoKtGZLa3XKpP2IURfULog==&p=13&fvj=0&vjs=3,5
Quality Assurance Engineer (Software Testing),TOUCHTiER Technology Pvt Ltd.,"Madurai, Tamil Nadu",https://in.indeed.com/pagead/clk?mo=r&ad=-6NYlbfkN0DsBkEiaAHoJ8_WMMHHNlUubDxbZ_UA8R7M49ohqbjUk7NmydnBbxL12GzAVyUR8REdDZZhFsYJlM-oA2WXDhCVbZmMeTw-Cx5vkMo5otrKNb7Lr1ziTwaXmplsy25UmB0hE3pirk4JjyMLWGLAwFuucrBGseGEuqu2XQXcLfiFXN7Oy4BquV8cgN0Zak55-fOEnkedYLzC9ErNSZM0cvuYgLFOh9G6uocvLnGzxOEt5kIymGjbaQBYDr-dDVjR4m3I53q1KL8mjhWArqroBD19sFkuorxaMLZZ6yurZvDYp9D9LGavCnYZ68hS6cfMZUL_2N1iM1cw21WU5j9PVSiNz9rCXPOFmQwN_uuyO0cAmfhCmKRx76fMANDapepPGm_3W7AzPQ8kIYJKQDXgioFOvEyXga8QpLcTMiLbw6-X8dNjUZRaX7SXJR32ojLhNlguJX-kWabHXv_e0whQKaQmTAUsyQyh1sGNdWOq8eY1tWufypCmj_Qcub7WhQu9by2yCJs5DJIRSh9Uc6lM7bAx1qr1x4BQ75na6bE6tPZFcC2sW-ZtYINU-NAZ_ok2Tzbqp920I8Eo96TQ5NtWCE1KvER2vipJRecMIX-N6-n8HIntSM6xyXiep-wgyeITZ5KKsPrvtrNMRvSrnHBIxG09MOLfrKDURjgT643CtlWHNp4zgmzS15H0&xkcb=SoDV6_M3so_eOwzNYp0JbzkdCdPP&camk=UoKtGZLa3XKHNnhIgIkzEw==&p=1&fvj=0&vjs=3,3
Full Stack Developer,Biobeam Scientific Instruments,"Bengaluru, Karnataka",https://in.indeed.com/rc/clk?jk=616662ba6b05939f&bb=09GQX7Zm5EgQ_AaUXvPkqN9WKBwx7IXFa1__vKMNbO7v8dIdrk5Ni7AQJhrflwowk7Wodt5QNEkx5A8JGLyY3bsVeZWNkqLFKamDoD5e2BS8lMN2C8dOlwUIplVxUiJHdoAS4m4UeUPC0rdUi3LkabRoYa1UUvmH&xkcb=SoCM67M3so_X2xz5RZ0DbzkdCdPP&fccid=2cbd7a395098529e&cmp=Biobeam-Scientific-Instruments&ti=Full+Stack+Developer&vjs=3,6
Full stack Developer,Citi,"Pune, Maharashtra",https://in.indeed.com/pagead/clk?mo=r&ad=-6NYlbfkN0B7UYL49yWBrrOlEWIsfJu1HwdoffaEv3MPqVgUrdyA2rAcZfAYGUZxEZ0KEeZmd1-gNdgkQnCPZK4ew1Jcr7Z1A-VYAp98q9qB-3ufCp89C-xicyNXIKi9dPGaKJ5hwSW6XrX5iFMnV9PE5D7nxsUXvHldjVENcYM3a9IHLw3x7jnsJnFfdRhzRblfrCGWO9FtllPbT9eruTKkRffR0kw_YmUJQAY-VqHgiOxcOrrWznRQXN5wSuLL_wEe2vsC8HQQD5byctdlEoK073mrxhuSjDt6IpJkJqdBJBfkKmrPP2WE5edl06eukPsqeSaEt1oc53cbLTrieQcc1s3-4PA1zWiYnIPlefQrqtNZCUtT_k3lFTM7I3f5RuiqmbicjFHsCF4j38N1Yc2OXWSCudoHRuRSJZosXxkUgfDGDT5qq1NUQandPEgw85sjGAse0-cey2FYW1ibdIydEf5zbbhXz1cR6SW2oeYZzblSmlxMnL-kkvua_YZ8LahgEfgwqz5lP_7shGNqqd-AYS8BOTCIPnVqvvDnELroZzZqS5cYrls2gGB9AR4INzKmWSDWccgP6JzSDGom10xl3FgozHEgiQQH0AUm7zUEt0pOSFvJhpqGSKAA-SMdf9eODAWVVJ4TKvyranrT6CumMKGauXo6-sOCyUC41Raa6cZBWheVnv9IvN9zSMf2c6nPeJ7byEFUhfC_z_rLVRqsBEYNo4L3s9x_sCQaKHgLEUDdKiP4Px8PKu0SM4J4XvdIwGqLFgMFWzvFYr36rmpjhIqfc-0jFE5CSvYgXd-c-gIM2taw41l6Mc19Z8Ru&xkcb=SoCK6_M3so_Z5pz4CR0ObzkdCdPP&camk=UoKtGZLa3XL5jsvRJK3oEw==&p=5&fvj=0&vjs=3,2
"AI Engineer (Remote, Contract)",INFUSE,"Varna, Ahmedabad, Gujarat",https://in.indeed.com/rc/clk?jk=275878e09d310229&bb=y9W3igFDqjlUPDEkkSxnAwHdxYCI53H0ZsNGorP2dNlS8gDyoLgQYCS6jD3GoBfWzS6BDKixYmz-dIJhyM7Zla21ZKIZroLmnU4MWNWSp2n1qhlVpR9Hu6X1cz3q4WnyOEvC7Y3Kn117_WZszCiwytog6A-XcN6b&xkcb=SoD367M3so-23jAfL70IbzkdCdPP&fccid=68c2be21791d2445&vjs=3,8
Software Engineer,Ecompapi Digital Marketing Pvt Ltd,"Delhi, Delhi",https://in.indeed.com/pagead/clk?mo=r&ad=-6NYlbfkN0C20ROAqk5-_evCJzlETOeG3ImnwlQPE9riDobgpuLGvcANHFSGLfOyMMjX8NLe6Lt3pPd7WrO7w6depE6DzBEFoHAaN9elIaMt06qTf2dr6noSpFpNLyi2W2nABpZcQKV4ESMTLnxHyy0LOmEnOYlpi9gy0-_5-7qW1E7aMQkPulg6V9CXaw4VKu17jqi3yHp7zNNyevl3MLmt3qx2PPdYAAYyhKtgaZl5eLjClvLfD-tIZKiycpiPdmKfs6orcdx6Hn5Obz9baqFMDJ5E4v45a6_1pRXSejIMZUzMrDkU38xY9RikIowBMH-Cj5-y87pVKDQz0p81VntBTJtqXPD2KTXQwi3Mb4zaVKbBbjTfU2aLn9G9Jy7OxUiqIXtH59wVud5FnKkopV7f_MGi4KGJPtLeGtAuPM6knwxyKVeKimw05FdiaZ-mBex6PiFOXdbC94iVh7uCLj0Yel3H8GFzfgFKQc55_b0a_h3HAhkoP1O8-ra5dBW9rDQ8WP62HVhfxbg7EtD43fseaD-XTETqeFHnUjcifHBT5Be1ICfrv8T6vYSN6xYzJEDGaM5_bcQ8VpEEFmBXaheBg8kL1xawazbGsC8B3sXPl6wPcegjQ12_rqlQ1OqzFVajfFwNFdkttTX2UKq8HA==&xkcb=SoAX6_M3so_HLYT5Qx0DbzkdCdPP&camk=UoKtGZLa3XICX4Yapr8qmw==&p=9&fvj=0&vjs=3,2
"Software Engineer II, ITC",NIKE,Karnataka,https://in.indeed.com/pagead/clk?mo=r&ad=-6NYlbfkN0CLAFIAocNJ4Wfrhm82ciahvtobYpoaf72Vrs-CtZeLT-trEu8EEwIc6NSOQ8Op6QIIl9jra0vRS6vugjfQb8ftSzm-ATsMFJtHqv8NCH-EIo515RlkeoNyitOFoLhbZpSGfIXp4g6QP4Dt8YzO-2sULegvo129RGPknZku2b7pW4Uu4ZEhaUNWV5gal5_mki2ovocludacu-aMBC0OMkIBHzSVUBDPuB0K6YQ2q6U_LtCLhgEI50VT2xFdN---1xnT0RE0VwIo7um4aQtDZBEYUir6vajisEIK3VlLFDtcmOPR_HxXZWz67cc4tQhuT48AkvaRE_2RGl3Rj6msINFrOWVVLXPCyCEWFeDefm2HtztmtQqT9Ny62wGpcFbHra9adI00CnEwKoZHoY8oKU6B-KfEw7cizlm79XwrLeg1scAlmVoCiJZmbelzd5fgPwmNnchPEoupSEBxNzY8hSo5nqxPboHDhH6_lD3wofOARE5tDyjpyvAWNJPQVgZCYu9S8ddYchMUiZrWgJomy-5HTOAZrM0jJu_EbJiAz2Hr-5fvySJ_UJ2rzmJMS9dldCAJ7w7DjeIkXO5vC1PrgSFUq79ouZo_XiNidnxfGr1vjYm4mdLxur8somBhos1hnbsB_BJr97mvMiaTlgd8t0HlEF56sgPB82Q=&xkcb=SoBq6_M3so_GbMzDIB0NbzkdCdPP&camk=UoKtGZLa3XIgFQ6tX0JIkQ==&p=6&fvj=0&vjs=3,3
Full Stack Developer,ReachIvy.com,"Nariman Point, Mumbai, Maharashtra",https://in.indeed.com/pagead/clk?mo=r&ad=-6NYlbfkN0DYPnCps7VBnB6MOUoSksAT4FuLH5RTPcHoHHwT-rD35GYbhMAPzBw_gyCU7wi80B78PfBrTQ3TTVdjviYCpg3JB5BcZO9lX9NpBtC5ldZ44lp2jaRg3U1XE3FTXlV_sslrlI2Vd09cJkGqAcYkSnF1msSgUuqLM4sqXkOEQkrR03SZPtVXWWkMTNwyHvrKLr_6G2DppmREGVFSD1STRLyVuNchnBTAXG-dHz47JOEydFCuwW0mm-xN8dn7paqMRvv_3ZNsNAt3nsAKtS97uYRVdSqMA4tJ0mDdgdfqhGv9mCkXSorq8qjLqIWRC4Hbm_xj6K9CjIgrNIzY_VIxlhA2gCJHq7uizhNO8AHI_1FNrcF4yrLWVOhmfs4IBbgWIv89sawqhjyLEvLgyVBrXaKmT1XfxJ6P-XV0dQQmKMCaj__cN7vZrFb_MI2X1Q94CxTDzKEBM089qjSx1FwBs1ek8vfP6Q-kZy1U8H5sL24EMkLyQlz-THc9ve0Ap4KXYO00Qre6vna_UwuWZHhwFta5DrnaFKR6DU_K_jxnFfWeZ00wtLSpfqUC0eRMDLe0UJg5k6gemD0zU8Rp5hmgc6x6J6qzaerjwcLENbVFRaWEmWI0qJuVcgNAFI7WiQML9xqp56QK12FXHrYz_JQWUqCF&xkcb=SoDp6_M3so_fG5T4950HbzkdCdPP&camk=UoKtGZLa3XJzwy6YCpkWQg==&p=12&fvj=0&vjs=3,10
NextJS Front-End Developer,MEDIASLIDE,"New Delhi G.P.O., Delhi, Delhi",https://in.indeed.com/pagead/clk?mo=r&ad=-6NYlbfkN0An27gHlawuG3KoOZOd1XpooZ-KJ6Y-6RWqdBt0Fm0MNMlqDQvi-hwOVrhN85EOjyw3yuDJAe7ChLSVOCcArHGYzt_W-UORGMZEwYaRslyJbz1WBFMGU6agplrzMTrP64dg_qr6pGjL5pPibQYT93ogTrD-C-1f98WKbPwqruRocJ7kCeGUCurp4oijbC21IKrOWRAkUnCgNg-o0XbNM_XhBNtNiz696ivSnT7xRHiO06ugvfZTq-8uCISN3ytAuR-p5sAGelb8lTf_Ih7HQbO3klIALLAYhd0Cc63dmfpG1mKHj1QMpfIzct7TKkC5y-R3Ptuw1eFRiUdtMqUidGMIpt31ebGUmVPajbdPV3VtERr1i2fIccMFpyo6OBdz-yQB-jYupVcAmhYTn2qLFGNrn8s-KY2XK7CXxNrm1xPGRZEngAIa41EYA2uA0x8ZptnICyVGnHfi1NGXj_BhzUlS9zRjPet1pNOCwlyoL5wFjNBB4OuACaLrsn9PsDRVBup8DxcscZAtdciJtLDeC2NH3Hic7af5NnXrCas3bFLhTHiGbm5vwW9V_zbTMnFdChxLdFHS3D0GsyH2bG1pqUlHRI-jqfPQr_yW78y64fHpphBDmFm06Z269Ueg046Mjg3mFsK1zkcCxrBBdmKqoy6DSJmntRRCxJkNdH6ecHxXuXqzE0vrONlUxRyVaDZnhtA=&xkcb=SoAp6_M3so_fG5T4950KbzkdCdPP&camk=UoKtGZLa3XKpP2IURfULog==&p=1&fvj=0&vjs=3,5
Senior Software Engineer,Epsilon,"Bengaluru, Karnataka",https://in.indeed.com/pagead/clk?mo=r&ad=-6NYlbfkN0BvIewDo_5-0HLPwHflXafw34g6EGQmoYCY9iGbAHcPoiVLZ9hZJl6KA3yd9wkC-2bRU2j9ZeVnz4QwBYxIaQBvAgnU4eOlGV5pDYaBP6151nFwTLEnLWzgsQp2ZDWVTd0-VavFxwBs_dSYG26XTg3EqseGjNO41L7UvfCOz5TbNy99AWpFShAY4vkabmfugVO2EBjxC3A9XC3_b5m7DALKOs6Ukch1kXIbk11hrzBUWE_gNENqAaY-srFCZE2XTkqd6-7kksud6QWBBg5g1Y_0lqDd73ubxTzPjc00YfrSymK3XKiOmSB1i5NxXqvOIciQP6jJAJBb_r7QVaRMQFVRP1bHCZPwTON55oLA1yOiNIYwb7mBrg0VJgyz8TCkPdNIjrVkDrwMgLwTX5AdIDoWqFKFshakZr5RX144nCA1dbfo4Dr2jlbKo5kTmiA4G6Qv_ykGN6JWRPnnDJjG5nf4c_60hmlmURx8y2Ud5uLg-Rl5vG8CGwV-DjFlXnwRRHwAiU3vEuFYp7LfzO0__jogMXHDnhmiXM9RqqdQCe2hncBY65ub1I2eXXF5S6bHRYzBSYPPGu5MYacNVEpSzbUKLKuAtOrnNVfN2l1o1UNDbk17oV8UALGKwOuPKBdyMFJLror4oykSAivOEK3G7f18rwH1q7xVU4B0wbKeYSn75TwUgxpawHznatXOZMhP6zhhwJdUMkfFZvtSc5RB3Oq__uilFM5S6mToiknaQCTLdqSIcM3OOVT-AvMM83liZ3O9OOHNd5Fj2w==&xkcb=SoB46_M3so_E3KT5RZ0NbzkdCdPP&camk=UoKtGZLa3XLL6SiDjSyWvw==&p=6&fvj=0&vjs=3,60
Software Engineer (.Net),Extensible IT Solutions Private Limited,"Jaipur, Rajasthan",https://in.indeed.com/pagead/clk?mo=r&ad=-6NYlbfkN0CnNttioZixAnW7uxslGLzvbyIraSljA5hHPnftdi4dkKBkbuf35SJ215XSMyYAxN9HtamoCsLLEdchS1v-whCEfO7sDzZTQnnwPE6MFvEUCEjGxd4aRUSvOvLD3othrf4YRkQrWj0ms0CFTro4W8eOPQegAStuoMxoNYgOB0g6lfMS6YbdLRUBsfnp12seA3dpRWdxRQKomU9sAY_wkhT_JFlkUykYVhf0TcA64itMDa10sByxcQujdPWBNNs_qxD9tAzIp5EElx8t0SKF4jUar3ZKwr2u7BU1V3NS3qr-ZxFnv5NO0oSDlC3a-mHP0AV2ZugdXzWpl_9q8yuRhjWOh26NWUMCdBisfBdKUR7Y8_R0sHUz0bfbtcn-BBYR5e_kDuTNiBJjepR-xT0MLOwnBFrjhPW9dmcnD-ctO1bgu2kEMKC-v5EnTj7Jgsxv2TPIG-SqaUXs7M6zytIWoyTWNPo0UFV3ZAid4CqCBZj79c7JFTdKJPp3svMkoLUFAJDwMf5PIau_L_yBBuP-qCMM-fa9ib_3dOdEDtLQRzODi2FtyDBzC40HRLKKuYd-KpauN2n2yX5Pqv3eshzY0Q6KtCyZn0VJYfSfw0SX7LeD3koMQsPE43lftu2uhMHPRAaK74OCqRy_TsmH1bITq3xJKequlukdt0lugiQEee3eLeVQPEP8MfimnOo6AvVKW0czpqf0K3eP9g==&xkcb=SoCe6_M3so-23jAfL70LbzkdCdPP&camk=UoKtGZLa3XLTpT6bzI9G6A==&p=0&fvj=0&vjs=3,100
"Front-end React.js Developer (Part-time, Remote, Freelance)",Indiahikes,"Bengaluru, Karnataka",https://in.indeed.com/rc/clk?jk=2ef7caf507095dd7&bb=xnlFIaQtZp1N3CfrFT1LxnWUo03mkfpU43JBseXhJZY4NxaJhzpvBka1ls3y_-6UN82zAAISlFuhkvaRP1NFYzR063ZyvQ9UmHvdO5Wpb8z6CWWrAGGQlJ3D768m296dFVnCXjForiHWe_GbazdiHqlBGP04Yb81&xkcb=SoA067M3so-yd0T4CR0IbzkdCdPP&fccid=d16135f609c75e35&vjs=3,16
AI STRUCTURAL ENGINEER - US CO. Building Structural Engineer. AI Remote Work From India,ALF Real Estate ™,"Mumbai Central, Mumbai, Maharashtra",https://in.indeed.com/pagead/clk?mo=r&ad=-6NYlbfkN0AV0ju0_XifzNMakD_Bq8hXmfF3fo80048_SOzbo0XGHtBqfoz47fBQZQkDRiXWWZp2kMb6UQRaYdR-kR8cHDiq2COlTrguNpRXagc2hu0XxXgQRurAzhtuX5LsBqa9-7spa-6UpUeR3Y0y-qeWw2ufYOVmVdgWM_f67JEYxxhwt3M-SXo1xT8mrASSiCGUZ3skwUCGwEd4U9coUGlqNRmq5aRuf9ug5ZUc0QoL4iCzCPXWWnn9gsKYWkxsJ9nWFg84qwNIsOue2K_XqgcUa2Wc3vDijhVLEFPNLaSeBX2WGKiBNfm-TnoO5d54gBKfwUcEDqBzHSSXrIVftm-09PAP_xz4a2HBq-uw9LMnItDSeCmQiV8Y2FowMA0TNLFTo8KY1gKtr94HzskYvb53nNbHdeoKQpAS2_r5kFONlGPiF_7UqOs2zMK4RSpmorNW-cLuAoq_baGFkUR1ps5hUuXB0A1Uh_XR8AN6quVYV1Qu0nyKzVM5Tk3VPCf_WumUZwmeVjTECIqhTrvVyuKqvD_RggJu5JggWD-7L0Mmtq-7QDXaTjbdK3F0x8OI08Kz_iKCGuO4oqNO4ltn3SCnH6erNmXrRSjKFcLdYbr9467Wvgn7CeovxLkto7hdW-nvpNXFqDySCdCHorgsBIyRn0Eldp7yMFdPquyDqXbcxQ0Yw1WYe17PHaKV1n908r2Oku-hGH_wo91WWHrUnzCbNwLow9TzicOW-G9HzLjx_8GGjHYS1DDyruEGCU0zt6MAwfOxEPX3W8GppA==&xkcb=SoDk6_M3so-44TT5RZ0DbzkdCdPP&camk=UoKtGZLa3XLKvBKNlZXcWw==&p=8&fvj=0&vjs=3,2900
Full Stack Web Developer – Angular / JavaScript (Full-Time),Travel On Ease,"Shimla, Himachal Pradesh",https://in.indeed.com/pagead/clk?mo=r&ad=-6NYlbfkN0Bri6hXoke6M0K-SBwlfb9UZ_cmf3FbxNfip9-lx7yZKxgqmpBByuBruH_qLN_0yw4M8esTQSJYIYFRvxxDlrgGRZUTdl5m6SPWrsTuYiC8__O2910ziwUFJvOkQaAEnWstYjh0G-8kl9Fc1yO619iXsZbSMgzMCoajdWhUOknVy9xC0HuwFOF9G4imuTKtsRSRvtV60HOq9rbCTnv4Thc0j-x2kwBWIBXYXpDZSNg6OWbyqWgNmC9KwEfudqaOZlw6YM7mxBtJsjgY2nK5EvSkC7FZFxcQV-O52CqMSb01xqVe22bwp2uW8PixMc6cYagk9sPgCa7sfoJ0gVESSXyquEumh4OwSRO0hltsGToAYWxfLJArS1077cM8d6RLlCv4oySggMeXHb-DzzcTLqKF1cp2gGgJ4uzkvVhWZQEY6-FMUAb0E_SK9Ljh8Pja3ZtVavK-4Ae_F0o4Imnl5-M-BOuCiYbi8bFEFrXJadRvx7ptwS18j9Zl2f0aLPWJbv37oY4jFHQM7IXctzPCUCktTrEkmCjh6olT_66AlCtWlBrtjIWhaetugVWBKcIySK5sGT9SsMXtGnW0S-iva2Gb3Q0oKmTKL2TDCwcmhBqrKrOuMzJM6CxvRow2FcDjqfUX1p4WjSdHV17byzt5gEwWxIRQa-wCzA_DObgaMlqjaExJq6ZvxlrUivHiO11fp31M8IY2jB6rOFkQbYsfDlZY2gpbjbNPxPk=&xkcb=SoAt6_M3so_Z5pz4CR0LbzkdCdPP&camk=UoKtGZLa3XKYa7V1Kc1DWQ==&p=0&fvj=0&vjs=3,2
Field Application Engineer,LMI Technologies,"Pune, Maharashtra",https://in.indeed.com/pagead/clk?mo=r&ad=-6NYlbfkN0DVyFvn6KNrme0qWK4PNhlu3RlnHL78IF6EgpbnUMzpFaEdfNrZtp38HfMwKMFMMk_oTDJC40TjnDC5XRjWSAX_k-0agcLS_ef-N6qat0LMY4Y0C4Ije8wpwKA-jNV9JAYSoNleVH8Fv8vkOeef81WEtiLPaNk3MzFs42oPVaSDhH3k1so2WCV_6B4QZyev-EUFKLntMMEmK85q3g8p4aMfof4PaKNVlrQHRl38TjryLrcmpc69pRk4ObrwPNudtnpLQDT-FLCfrnHQhV-k0aVWOCGc-RnzKzcLcktX-EV18OX4w8Cp8Bm5VgMo0FLiXQwR_ddvkDXP-Zd7KctaAkKWLJGadCmcSWGvd7UjBmK0lorQ_ZvPj2eGW_7MpCFlbi3tucHA882stHholZldEwRh20bXHKf7cKvkKJXk9xd2D6xhhfgpd0HrEyE8rQgD59XIv_IJQPNOOlEEHiBUx-P1gCCMYVTG-EF4NNB7z3O83g1SvJAyal0V7yfYjJneycO-dhsXy_nKJrG6XtrDzg9JwvGJfcTlpg4dByQLXl4aOP8XgyyHGBj9G9kWa2C6EhQSG_zildHDrzKp2tZBg6VQGbKx2Lu5cr8RDEKD8IQbPRVwYjkB7AXcZ-zD_WMXW6IkKa4VW8f7wpjI1vGGSrcw13FZCrTL9ykg8z7rbZJeTr89IRhVKoH0yBBimmqPoRnWTjhy4XV6FyXgvX-x30cPU0ibg3EFSeJBL5Yx4GNNjS2xq6lktR8lMiWKmz0Y0zNhWyWicowSWA==&xkcb=SoCI6_M3so_eOwzNYp0HbzkdCdPP&camk=ethIe0s0heeFR86g9RvtZA==&p=11&fvj=0&vjs=3,3
Freelance Web and WordPress developer,TechBiz Global GmbH,"Mirpur, Kanpur, Uttar Pradesh",https://in.indeed.com/rc/clk?jk=cb3f12bf1357c1fc&bb=7kU1n6X0DQ_T_7m_6Sa1ux4puYlxyCz1meTjGrNkkdi4_Jf5ezg-C7ngNmZnSdmkYkXANXlrC7CJMSy8rXT-XQdaB8a9qz3JJBo7RcyHoJzse1RNawbq1n2t0kVIt5FrUouEWHaJjsA9WQV7yHcnKF7EzAAlLQcT&xkcb=SoCz67M3so-y_NzNYp0NbzkdCdPP&fccid=bd7c01355bd34084&vjs=3,3
AI ARCHITECT US. Indian Licensed Architect. Strong AI Architectural Software Skills Mandatory.,ALF Real Estate ™,"Mumbai Central, Mumbai, Maharashtra",https://in.indeed.com/pagead/clk?mo=r&ad=-6NYlbfkN0AV0ju0_XifzNMakD_Bq8hXmfF3fo80048_SOzbo0XGHtBqfoz47fBQEPuhBQ5l3Bl_NkdxvU4nzRgJLbV0MSTCrHbd0gv9Rpx_3vyo1sLIvPqVv69QkvzWCo-NGrqSPRPfU7bxdtggl6oFiT6qqWFEn6OR31juR-q3vcRZOcM4OeWUfqrOM8knAI1MhpVcm3ysWl4q09TovWbVpk6RTRzbOmLE_qkE_dIi1vTs99M_koYWBBgU0uZ21b7kzvaZr8GOr9JAkDZhURaUdwhNkAciBO-pGNkjJ2qrR3qQRwV7WiyFH7roigtAmXcdRytjv_TUTBUyyOSIf7m1bqK3wnqTkCVjzhCt6fG1Ig5ZyjOomFbE7E-U0XrSd7kYW4Cn4jGOkIL-1BuuL23DjYJvt-tKE9Zw3P4v6Qjk2J_EImNLC4iRROMxNC9wpS9weldKuOX0hs8tzmeDMeJPy1S69VoUG6VHG9kcIzYL29Zvm4IMoMxzXCpr596vBiG8-DKmcNfow3xNkQQJ5VAnTpGj-GDqXQwY_dtV5Ot_0Ns7eNF-8m4uenh-tR9y1Zj6VonStXDBZ5u-1t2UOGS4GmZivi0ZaukR5Qu5pjjy7jOl09kGfNY8bLCPevAC4hufq0UiNENbax7i1vEq55HnJqR1bG4Gs7AmSLEiRAcmIKPA8jtPyuvGl2ojLxzLjSAooEOgObldal99sPfcPpP-jb0OsF_tL2DFWQLj3j8j-7PyzJxJJ11d8uSXrQ5Twpz1j3y6iVH4Uf05K_CDABmi_IEKsU3-SnNCrZrACk0=&xkcb=SoCQ6_M3so-44TT5RZ0PbzkdCdPP&camk=UoKtGZLa3XIDJZhUa_XFCg==&p=4&fvj=0&vjs=3,2
[REMOTE/HCM] DevOps Engineer,Helius Technologies,India,https://in.indeed.com/rc/clk?jk=a7230e5bcd3cf8e8&bb=9_ldKAQlT0XaQXPZNzDmkrDyjI_wNxDz6Q54mNN1kVkozE7NOJXizRZIbFfsc8Zrq7vHV5yw6npanljGncma5htH_u7MttAxVGuqSCINoyEyPRJn9qTm5FRpokP7dgXv5n3FPYMlcSGgIywqFBT5uo9ZiD_q_eER&xkcb=SoAK67M3so_M6Lz5Qx0HbzkdCdPP&fccid=b3282c125f18e0c0&vjs=3,3
Senior Software Engineer,Epsilon,"Bengaluru, Karnataka",https://in.indeed.com/pagead/clk?mo=r&ad=-6NYlbfkN0BvIewDo_5-0HLPwHflXafw34g6EGQmoYCY9iGbAHcPoiVLZ9hZJl6KA3yd9wkC-2Zl_Voeyz4JjCs9C0njDJOc4a5BRurND8hs_BLUi6aEgXL4px3awO-OAmdpYByVXnKlxnXu2j73VYJR_bWfUE1n4mYeB-H25Ro7--c5Pw7NtmPL7c_1t1G_uQTTktlfvSqohGu5l4aHkRLKyXmiA9OHK8RxPcw4lr28hap7QrTuIFzJHaqXnlU1c4vxsj2cQ2JG7ydmYKKVBHdRMha-8HyDOD2szsvn6mnzsVtaffZkzkj5t1zp5wkbKfBIIGFp4iEJwTV2foWAZublNS_khSD1F6HoQfK9-wYuDq7r4JH7dg5ETrNMzffoKKmqw91EkXWWpe27BfxaMtfa1pl_QmVdB1D1HHQZ4u6s6QThFdD27CDEcp29A8h8Qps3fm7BmyZFNw6t6QZgTOQIkvwRWpZZ1LAilMI6TPGDK3yLll1WRaDPDrZTieyHWtUJFfTQudEAE3Wvqsu0WFIwXeipaeWJJtlAzuaXIh5Uxjc67bS576cdQ5Ueytu_QqAfiYP67jaMnhKZ4ovrvzvssnWykrrwrNx2y7klv-JzDKIN4DCWui0DajBS0jcQv7sBaZBaNWi2sTUsjg8RsG8zPJRswoqKr1Ubfy0jJb38qeNMvzAzSgvRc2XhazGEP2BZgMh2sJkh8lZ7aV3uAKuNFUD2q-zQ8_8a4rJ4TaN-_b2zb0Ofpr_tzxfxVjnmCdIKW0BDvxH1mhAFVeu0zA==&xkcb=SoAT6_M3so_fG5T4950MbzkdCdPP&camk=UoKtGZLa3XLL6SiDjSyWvw==&p=7&fvj=0&vjs=3,500
Mainframe Application Senior Developer - Assistant Vice President,Citi,"Pune, Maharashtra",https://in.indeed.com/pagead/clk?mo=r&ad=-6NYlbfkN0B7UYL49yWBrrOlEWIsfJu1HwdoffaEv3MPqVgUrdyA2rAcZfAYGUZxEZ0KEeZmd1-gNdgkQnCPZNr7gLrZRt1VZISS0oCOtyWWuUvgtx31L_NDkv_YtSrCJ7Eo5B1jvkiiTtuGowcDRGG-Ch1PE5oMfQn5z9MKGcjaN4LWCDeKImrTu4uDI82FahGCVKsSaziyb8Wo4WR_J8UxS0eZsMI1IfPrWWEiFMr7cHQBdBL0sPiihKd-8q8Bmw-P-suIy6wY-bBNC79AXDZ6kvtBDfZfzjMeXuUCQcAZ2UDDLCkBHvl-XAi1ANX6b5HJH7kLGzuJgmMJtyMlfr4GVewpBp3CP0ECrkpVhDK8xCPwkotek0ja9D1pmfQOPlrrSeohU6l3TItkOVVWtWh4CVDvWURRgmS-OfcFfD-2qNgyFLxngRLRmCPzBYjfBBC7H1PeMnE9LCoE7x4kgrLl1LSUkdRYCUbohyjtHlhQQu_-Z4ksjbv5U3iXR27DzlBrQ0A7Ab0P4mG7AXwxCv4kEdDsOopUscZfr4JKBTOeHBDqndrmnMozK9SdXXHIKFM7I3abufhJeNHN7DOXsTWfmmc2FNwnDwWKgiqXXnAl3DNirkNzsLWUxUMvy8WSgUyjkZ1P2DMHZuzCN9pcovcbJusDQoCywdGbmrZZCoeqHJucgpzVq_Y3E38TideBvo3VcIcgWg1ni-yYo2rH2u1XQtJW95-HVyDUsP643gf9WwVdfY7NCR5mgmSkHjYNBZFmviMZJ0ihUpyGOX_Vb05HKeiNc2aKXb2tRQtJeZ9fjuGJeDKuUo_63kZd4UyD&xkcb=SoC06_M3so_fG5T4950JbzkdCdPP&camk=UoKtGZLa3XL5jsvRJK3oEw==&p=2&fvj=0&vjs=3,7
Senior Azure DevOps Engineer (100% Remote),VGreen Technology Solutions (VGreenTEK),"Bengaluru, Karnataka",https://in.indeed.com/rc/clk?jk=ea40d48ff9c175ac&bb=gZpv2JIT8z2XggA0JYaJvu4jRq8wzfDDkWqBXej0UuKD_dz_UzHgd3ZcbN-iyea3CWotLv-FkAqxtjHFaoSxjRg0TfY_8FhoRV0Kt1GQmKgCuY9ivJqOb6Zc6Y8WL2vYF2YeqhN6-neyKxIzG2lky4Jdb11OXBUW&xkcb=SoDC67M3so_LH0zNwh0FbzkdCdPP&fccid=530715c940d2dea8&vjs=3,100
"Senior Full-stack Software Engineer - Node.js, React (m/f/x)",Atolls,"Bengaluru, Karnataka",https://in.indeed.com/pagead/clk?mo=r&ad=-6NYlbfkN0AN2vDW16JzebB44m-OJpM_YY1BQQdar2YquKW8wbi1wH74OLIVh52STd2vxN9GsDKmIQJbSRhaLRIgjpIi4hS7RrdA3Jb1wosogpdBMHkMMG9wHlOSpArgpao7aJi90YAJJsqSTqD1UrDZEf_sSnGSa-Er2aU_gUG8gfBiWxLoz2-T4cxbA_L3G84RfgoU-67rBczhym5m1R-Mtj4FkzW53ljmo5dwgWaoUDgnBDp8z-PYg_agTbB7XtT32KWvcbS-yGKM9k7m_rtLHQ120gD9PamzsT7RfOiOU6c9DIgkL7idzP7z7x_d6sVY9SWIscgXalNKshL1KKjXO0xqBtAhy2xNbjHRW_KH0_w6im4G-aiiEQPZ_27-LBNNdJrf6p6ADDhEapaNDo90RNF3yfIxK4uPcqiB2N4NyIXwdRkLyqSRhDwkCj70GbdKPG_zqa3tSCDOHEvp1PY5l2s1HeAI-NoyC49tmkCnu5mhJG2B1cgKEcWl3md3UiDlfH-Tj-XVT2PR4BxzFdhbdnQNp3FiBPjl1uCQgV4ZX1j9cY_70cP2qekuXyx6SA1Lmv1A7lwRC6rH7MuH0bXwwZg-S6r8wCrttwP3ynI=&xkcb=SoDt6_M3so_Z5pz4CR0GbzkdCdPP&camk=ethIe0s0heeYdcnn5oh7gw==&p=13&fvj=0&vjs=3,20
Full Stack Web Developer – Angular / JavaScript (Full-Time),Travel On Ease,"Shimla, Himachal Pradesh",https://in.indeed.com/pagead/clk?mo=r&ad=-6NYlbfkN0Bri6hXoke6M0K-SBwlfb9UZ_cmf3FbxNfip9-lx7yZKxgqmpBByuBruH_qLN_0yw4M8esTQSJYIYFRvxxDlrgGRZUTdl5m6SPWrsTuYiC8__O2910ziwUFJvOkQaAEnWstYjh0G-8kl9Fc1yO619iXsZbSMgzMCoajdWhUOknVy9xC0HuwFOF9G4imuTKtsRSRvtV60HOq9rbCTnv4Thc0ab_Vj-aT5LMzLYb2TMYTY-rX8lEJoy7w3weuMWiUJvnYGlo6bByApeX2rj-b8d0n7xJOwrdcXnbbDZjLQ6q8OgPTYHdiJbaAN70AA-MlZSu5tOv_shMBeX1-SbqtBdv8EjQZS3inWdGADVUeti7sMDHICVLkmbSWG6kcfFc75B6ye-Y0Uja70PAEpM9vOtvNCpZtzwH8KEOwAQ5syUwRuizkddERweLovygBVd_7Jkl69nE6eRgLNhXS3hw0IJCaJ-8rfjV1QIfhch81g3IjjYMNANYWmnN_KHub36APjxTbX0geEdCX1vUTOrc1YVnVnSzeHVufL6QJVh0MeaXSLIbigg190c_Kwv3abK0Li8tHVuuQ1XCVbuHYWebCX2YGLS6CShTOy1QQflt4X_WWASPqW7e4zNeHjYrevV2dUfpH-fESC8-lbkQ4D_R5xqwFzb8ai-nF7cV4akmCGUHM_wkDWKsXsClDZNnNmIuFtfgdzxyapi9ji8BJeEfLeorJ_BGTdNVx4GY=&xkcb=SoB56_M3so_GbMzDIB0JbzkdCdPP&camk=UoKtGZLa3XKYa7V1Kc1DWQ==&p=2&fvj=0&vjs=3,2
"DevOps Engineer (Remote, Project-based)",Indiahikes,"Bengaluru, Karnataka",https://in.indeed.com/rc/clk?jk=a7b4c1bf1e5552fd&bb=9_ldKAQlT0XaQXPZNzDmkhVDz2Q-ddvcM-Wtjd6y12oMDZ4hZHKqp8M-Vm0oz0_4jdFtrQ8ad53NfRcriz169z5v9IcBKsL37wZ6KUI8sidQEZ_6AC5mN7B6uTX6JIC9Rk7Qhi31lBpT1lq0ExhojMPL4Fjyj_ql&xkcb=SoDj67M3so_M6Lz5Qx0IbzkdCdPP&fccid=d16135f609c75e35&vjs=3,2
Senior Software Engineer- iOS Android Fullstack,BP Energy,"Pune, Maharashtra",https://in.indeed.com/pagead/clk?mo=r&ad=-6NYlbfkN0AJuMufQUticbCEoYTKm6Qi4JXfmZ22JgbUMD2ChcmVNK_btDYk7qbIrOFLNLEfdYogy2-H8TUvvwGVW_6V_rMos9E2NEpvKKdGEm2x535t3vW0KkiYPrImDFojIY2vk5mE0-Bif9lWrbB5D_3joMX2yZCrRTUvbMWJ-3HrTb-TFu4OGfGGASvKwxTvNt5f6NB70wua7BPK-fekBM2LQDhrC6T08JUi6Bk7sII2-WGZoi8X1E1uZyFejyupdyLdEIJKscWM5syC_1Hxmfp0wNe74cb3dYt8sIlFaWibFc13QdcJgm4JI-ixkIXtlszoVTZ4nLgno9J-fMcT1H0N4TAt5pXt-eWOnR2jcZ2NgdXHHQLHupaunnxgN_oP_V30TvfFIXp1UIIe1MkCQ-zbiO-_sGTpn1R6ivSY3yVj3AuZJAy6607Xnj7zPlh5z5C9ylioMK5ZsNvrpaJKF7bPy0sIVxiHUuq29aiTkBgBdg2MD_46os1I7a5u1FfWoN0pu4BrpCYsG2_36IWrscjB5EdoRtVRsHMne-f-i3kC4YxCV-r_TONAJMHzFp95b7ia3v61cGbA8zLVCVB2AFXzD1G1TZAUk9iqbmHERN87fyPjhsC164sHOPWn4z6optDzopwglcBnA6w9DhhlyoulaEr3VRsnrjeyPtvPci8G-J-2MQ==&xkcb=SoCm6_M3so_AN3T4ax0AbzkdCdPP&camk=f416UQcMBpACaTafcU4uRg==&p=11&fvj=0&vjs=3,7
Sr. Software Engineer I,Stellar IT Solutions LLC,"Bengaluru, Karnataka",https://in.indeed.com/rc/clk?jk=6d58a2e5c92d4c48&bb=R6WmyLcojGYwg_g6YrkUrAdCBA7r82BjT97f47mPR282MFwWJgkpJYc4YYnF-29obI_JzMFa0Lyw7hWWL70_OlKY-Bl9deYtOruhfm2mTArRmExShcvS8iWbG0cewXcj41VGFq0Q8OJix4FcjqcyLieYVa6eFwKB&xkcb=SoCW67M3so-36QT4950PbzkdCdPP&fccid=488b55ee5340959d&vjs=3,2
Senior Software Engineer- iOS Android Fullstack,BP Energy,"Pune, Maharashtra",https://in.indeed.com/pagead/clk?mo=r&ad=-6NYlbfkN0AJuMufQUticbCEoYTKm6Qi4JXfmZ22JgbUMD2ChcmVNK_btDYk7qbIrOFLNLEfdYogy2-H8TUvvwGVW_6V_rMos9E2NEpvKKdGEm2x535t3vW0KkiYPrImDFojIY2vk5mE0-Bif9lWrbB5D_3joMX2yZCrRTUvbMWJ-3HrTb-TFrYW84V0F1BI9dmy6C6eYDN1Fn0zPAu0J4wClQXaReCubqaOnQPw7iyqx-hMM8nxMIuj_lzx85Tb0JNaYIjSEcoJJB9kkrNQpjwnLu50Jd18zbH88_ny4dCT10X9_d0gALzC-cfJ8u4nPI_Ko4D6onQUB58FbHghf1pYujClwymnghdOdSsdGkdtniO_NWD522R9cxzDT7fUAuyVzZYrzOYrKA2PYVBO5P8iS5TFaQaFaecewTcgqg0qmEGUkWyd8zEP8VOLrKIfsERCMFZQXzM2hTEwbgbhFXrGsKZVzuw-kw6Nz_r9bBqlaMEuUWvE_G2NZ4TJ8hrl7xrCZIQkdmWt87Cz4-LnYrdZpN9Uew0eInjb1gw9Sp5Vxr6iF6sZ6Xxlb_zrCaGxOYKG3pXeTDjQ2UUDnMfa7Nz_PLDZZBuukYKS6f_9cI9yH4iB2sEWNf0DEmcgNnHHNsetLHn2vXy64RXqp8J-V2LoQEcV8OJVnH9YjVzrTe4UJTUoW5xi-Q==&xkcb=SoDt6_M3so_HLYT5Qx0IbzkdCdPP&camk=f416UQcMBpACaTafcU4uRg==&p=4&fvj=0&vjs=3,7
Full Stack Developer,Whitetable.ai,"Bengaluru, Karnataka",https://in.indeed.com/rc/clk?jk=9e8f46aa851068c2&bb=09GQX7Zm5EgQ_AaUXvPkqK1VSvatOxI26aWyjtLOzZyNZlcBxqn1x7x6tQGA5IMx3LdQB_xYLx7E6ZMw2FWkFw2LrbDFbPvHSaA_lCAowHuX3xosqHB_p-wCPqiC_jvxJTLveovjN8OWQaBceZDE1S6If0UBW8PI&xkcb=SoBl67M3so_X2xz5RZ0MbzkdCdPP&fccid=b7b287b3e4d5ca41&cmp=Whitetable.ai&ti=Full+Stack+Developer&vjs=3,5
Mainframe Application Senior Developer - Assistant Vice President,Citi,"Chennai, Tamil Nadu",https://in.indeed.com/pagead/clk?mo=r&ad=-6NYlbfkN0B7UYL49yWBrrOlEWIsfJu1HwdoffaEv3MPqVgUrdyA2rAcZfAYGUZxFZIkqiRdA206fL7mYxUyZBfP_YeKc4MWDku5K2g2Fpv-D9nvzPEJsr0M6mh8AR2M3auvOWRcr04QvoQs1uzKcYot-bCh14-IOp49Bt-1OuUVCwQbetntD2kYeRBLQq6KiGeoCjPUWo2iJkOAPWeqvRo8kjZDPtekvUqF7PFTp5WI6n2fRKQzZDGzrm9ADYbxZGo3XfAa_F9p5NdOAj3QeNu08pnI-PISrKG3vP4lZpWywMSxqMA36r_K7kjYXAQtzT4pM-eGHTUwDqf2AkXdSwdjrk8CgwOpVNTRQLs7Uvf23EH3MJuYSlGm9LY_COOWueAz0-tIuiZN94HtdTnMPv6I-HVUFnTNVK_twUf85kDnlbeDWeqeJ3m7LRx4SEp7XCs7LGr-urDt1ThNqZ2Ftfa85JP-6D9E1iVs4ZqvSSfDdZxcsD-H0UhbA3qSRTPV0YG1LO3UFo1Eb2j3_cIWJvPEqn41PALmsfskVgfa6fuLEubD_1bY7zVclgJ6M01jSVGJWSf2kiil52YtKNAbLOhQKzMMM3h_2Z5Z68bGdu8usvGoplf_OOYyb8SIdOEkNI2K6Qh2ChIH0-6I-70b7t-l6PDzW3-3U04M8QSALon5wB5bIVhRfGufp7_HRTbCae--_Ycicf2XRJBUFiQFRDtSg1DUj4H1LpA0tkjVH2s6lv0J6XgB4YGAIY-tJJZ8ZyoTuANYSaTqvDt8d0sshqxYvhSu1B3xaiHI5sPVa3hIfLcRaB-AoeYzndi309x6&xkcb=SoBh6_M3so_eOwzNYp0IbzkdCdPP&camk=UoKtGZLa3XLw9-q_8S_FMw==&p=2&fvj=0&vjs=3,7
Software Testing Engineer,Delhi Academy of Medical Sciences Pvt Ltd,"Gautam Budh Nagar, Uttar Pradesh",https://in.indeed.com/pagead/clk?mo=r&ad=-6NYlbfkN0BHvzosyt_EZp5UTDH3ZLrYhgPHiN9g_kJM9-f7CO7HU8SEt0DA8G-2-8Ax_s_R35hlx7wIngcVaRZfu7IWTxA-IDKbp6ne-0X1xnoRAzqNbv8M4QT6XSMGTQZA8jjKpD8_yh7lY-sxFA-3i7e0kyJbphJJvWWo210VFaH84xLGicZsv0yB1Bn__N-NyOUzAdXH5x-CefpcMLwOR8_6hD51nT-tLsvN9EjcdTZoTTNsh2T7z_1Uh3oSLsgSQRknl0wJk5NZJJoL7l5vGb-x59Tb_w-40-NR_rQOg8g6lW2ASsTKUYsF7beLXJJaYISNpcNrsZQDCf5O-z15Ysf5mtxKh4nwf4TE3MCM0rkR0gYJUTzr9kSygDnHeqvo4Il5lp5AUP_6i2AUDqFf4MenhsNQzwjkZY8jER7c2uLfgs_7xI5QaDNRetly82jWKAlQ-Tt_cKtgY8GvUPrTijcLLB2lo0JjPtmDGTf79pKpNIPeVWRcTaULH5qhqCeCVjvd5HYjEN7HWiWQn1RFlspm6ulV_OwoAzOfX6ZMIngx2CSHm34KRUTmBmaqw_fYGpep8OZmnVeK8Z6DYdCYHpmIFhy47-UKlKM529cYUKNz0pHnLpPWNiE8iBUdYYyAiXET0IaHKNYXqkZ4oqw_hx8RHoE1xthVlHYHaHlMXG9gpo8In1GJe4gw662Y&xkcb=SoAl6_M3so_E3KT5RZ0DbzkdCdPP&camk=UoKtGZLa3XKxJ-xCibt7KA==&p=8&fvj=0&vjs=3,3
DevOps Intern,Fusionpact Career,"Noida, Uttar Pradesh",https://in.indeed.com/rc/clk?jk=bbbd4b65f3a9ba07&bb=gZpv2JIT8z2XggA0JYaJvoORsBWjjufDMCMruRA7CIz_D1PS7UJaganYkNdLbKWVMrLeW791eV5W7nHKlnmb0HEACCu7rljp2tJ_bJNc7ubJfPH-LUR1BsuS8P8-wQBCZAwXCwFOYOKk1seS0AHXSYvRG-Zm4D8h&xkcb=SoCl67M3so_LH0zNwh0NbzkdCdPP&fccid=73fb11549a6513c6&vjs=3,12