Job Title,Company,Location,Job Type,Experience,Posted Date,Job Link,Source Site
Back End Developer,Abinaya Kanakaraj,"Bengaluru, Karnataka, India",Full-time,0,2 weeks ago,https://in.linkedin.com/jobs/view/back-end-developer-at-curefit-4305425927?position=7&pageNum=0&refId=8bVB5t63EgO1R1%2B%2BeIx4JA%3D%3D&trackingId=VGm%2FNwmN4MSDBEfd1taFgA%3D%3D,linkedin
Back End Developer,Kotak Mahindra Bank,"Mumbai, Maharashtra, India",Full-time,0,2 weeks ago,https://in.linkedin.com/jobs/view/backend-developer-sde-2-at-godrej-capital-4308924591?position=10&pageNum=0&refId=8bVB5t63EgO1R1%2B%2BeIx4JA%3D%3D&trackingId=zi%2Bni6btx1wauJJapgYDhA%3D%3D,linkedin
Backend Developer - SDE 1,Tata Communications,"Bengaluru, Karnataka, India",Full-time,0,1 week ago,https://in.linkedin.com/jobs/view/backend-developer-sde-1-at-groww-4309493925?position=5&pageNum=0&refId=8bVB5t63EgO1R1%2B%2BeIx4JA%3D%3D&trackingId=3XDEjpD4RIu40Dme1c6Tfg%3D%3D,linkedin
Software Developer -1,Shayan Das,"Hyderabad, Telangana, India",Full-time,0,3 months ago,https://in.linkedin.com/jobs/view/software-development-engineer-1-full-stack-at-nxtwave-4253219040?position=3&pageNum=2&refId=FRSqCAy87qgFiPIKE3M%2F5A%3D%3D&trackingId=Om5bq%2FNMk9ZTPs7ojusqmA%3D%3D,linkedin
SDE-1 Full Stack Developer,Shayan Das,"Hyderabad, Telangana, India",Full-time,0,2 months ago,https://in.linkedin.com/jobs/view/sde-1-full-stack-developer-at-nxtwave-4262362507?position=7&pageNum=2&refId=FRSqCAy87qgFiPIKE3M%2F5A%3D%3D&trackingId=lYemQtSfwKmKAwN1vvX93g%3D%3D,linkedin
SDE-1 Full Stack Developer,Shayan Das,"Hyderabad, Telangana, India",Full-time,0,3 months ago,https://in.linkedin.com/jobs/view/sde-1-full-stack-developer-at-nxtwave-4254194541?position=6&pageNum=2&refId=FRSqCAy87qgFiPIKE3M%2F5A%3D%3D&trackingId=20BPfquvaYuDl7gYuqNOew%3D%3D,linkedin
React JS Developer,ZEE - Technology & Innovation,"Bengaluru, Karnataka, India",Full-time,0,3 weeks ago,https://in.linkedin.com/jobs/view/full-stack-engineer-at-deloitte-4302651681?position=9&pageNum=0&refId=8bVB5t63EgO1R1%2B%2BeIx4JA%3D%3D&trackingId=%2FnatDfe4iz7pNVF5b8poDg%3D%3D,linkedin
Full Stack Developer - SDE1,Persistent Systems,"Hyderabad, Telangana, India",Full-time,0,3 months ago,https://in.linkedin.com/jobs/view/full-stack-developer-sde1-at-nxtwave-4253470249?position=4&pageNum=2&refId=FRSqCAy87qgFiPIKE3M%2F5A%3D%3D&trackingId=y5doxgtHyZOQI%2BnnhQyixQ%3D%3D,linkedin
Software Developer,Shayan Das,"Hyderabad, Telangana, India",Full-time,0,3 months ago,https://in.linkedin.com/jobs/view/software-developer-full-stack-at-nxtwave-4255056857?position=10&pageNum=2&refId=FRSqCAy87qgFiPIKE3M%2F5A%3D%3D&trackingId=Tn%2BWEYDCnf0yk1bUrvi%2F%2Fw%3D%3D,linkedin
Backend Engineer - Node.js/Python,Tata Communications,"Bengaluru, Karnataka, India",Full-time,0,4 weeks ago,https://in.linkedin.com/jobs/view/backend-engineer-node-js-python-at-slk-4301740092?position=1&pageNum=2&refId=FRSqCAy87qgFiPIKE3M%2F5A%3D%3D&trackingId=1zoLTrYiCgyDd8qkKJJA%2Fg%3D%3D,linkedin
Entytle - Backend Developer,LTS,"Pune, Maharashtra, India",Full-time,0,2 weeks ago,https://in.linkedin.com/jobs/view/junior-backend-engineer-at-checkmarx-4304880481?position=4&pageNum=0&refId=8bVB5t63EgO1R1%2B%2BeIx4JA%3D%3D&trackingId=iIB9xezWuBchMQmyk%2Fx4VA%3D%3D,linkedin
React JS Developer,Python Devloper,"Bengaluru, Karnataka, India",Full-time,0,16 hours ago,https://in.linkedin.com/jobs/view/software-engineer-backend-at-altium%C2%AE-4304659927?position=9&pageNum=2&refId=FRSqCAy87qgFiPIKE3M%2F5A%3D%3D&trackingId=VTEzSCS4NstlijrzeRTIkA%3D%3D,linkedin
Javascript Developer,Pratibha Shukla,"Kanpur, Uttar Pradesh, India",Full-time,0,1 month ago,https://in.linkedin.com/jobs/view/full-stack-engineer-at-meril-4290053574?position=8&pageNum=2&refId=FRSqCAy87qgFiPIKE3M%2F5A%3D%3D&trackingId=0T2%2FW%2F%2BoZgLszUHQ8J4L2w%3D%3D,linkedin
React JS Developer,ZEE - Technology & Innovation,"Bengaluru, Karnataka, India",Full-time,0,1 week ago,https://in.linkedin.com/jobs/view/node-js-developer-at-tata-communications-4298626246?position=3&pageNum=0&refId=8bVB5t63EgO1R1%2B%2BeIx4JA%3D%3D&trackingId=Wv48Cgd30kHAtQOfle99CQ%3D%3D,linkedin
React JS Developer,ZEE - Technology & Innovation,"Bengaluru, Karnataka, India",Full-time,0,1 month ago,https://in.linkedin.com/jobs/view/full-stack-developer-at-deloitte-4267473020?position=2&pageNum=0&refId=8bVB5t63EgO1R1%2B%2BeIx4JA%3D%3D&trackingId=PX%2BlgJJGWAsB9S9vgAnIag%3D%3D,linkedin
React JS Developer,Python Devloper,"Bengaluru, Karnataka, India",Full-time,0,2 weeks ago,https://in.linkedin.com/jobs/view/software-engineer-backend-python-at-paypal-4302682260?position=8&pageNum=0&refId=8bVB5t63EgO1R1%2B%2BeIx4JA%3D%3D&trackingId=GSfKWm4cKeQjRJrDDdd%2FCg%3D%3D,linkedin
React Js Developer,GAMMASTACK,"Indore, Madhya Pradesh, India",Full-time,0,6 days ago,https://in.linkedin.com/jobs/view/software-engineer-at-dhl-4312164121?position=2&pageNum=2&refId=FRSqCAy87qgFiPIKE3M%2F5A%3D%3D&trackingId=a9gp2Y9gqGLbgr%2BJ830c8g%3D%3D,linkedin
Back End Developer,Godrej Capital,"Mumbai, Maharashtra, India",Full-time,0,3 weeks ago,https://in.linkedin.com/jobs/view/back-end-developer-at-kotak-mahindra-bank-4303011314?position=1&pageNum=0&refId=8bVB5t63EgO1R1%2B%2BeIx4JA%3D%3D&trackingId=utBVtnOsbR8puMmHAZV2%2FQ%3D%3D,linkedin
SDE-1 Full Stack Developer,Shayan Das,"Hyderabad, Telangana, India",Full-time,0,2 months ago,https://in.linkedin.com/jobs/view/sde-1-full-stack-developer-at-nxtwave-4262358853?position=5&pageNum=2&refId=FRSqCAy87qgFiPIKE3M%2F5A%3D%3D&trackingId=53jcE%2BpFxQXKBOVAy39LWA%3D%3D,linkedin
Back End Developer,Tata Communications,"Bengaluru, Karnataka, India",Full-time,0,1 week ago,https://in.linkedin.com/jobs/view/back-end-developer-at-rapido-4311266148?position=6&pageNum=0&refId=8bVB5t63EgO1R1%2B%2BeIx4JA%3D%3D&trackingId=frmfa3Rlzwu6YDbm%2BLz98A%3D%3D,linkedin
